Neighborhood,prices,year,month,total crime,violent crime,drug crime,housing crime,price classified
Allston,419685.0,2015,6,121,18,5,13,low
Allston,425878.0,2015,7,203,29,3,26,low
Allston,431874.0,2015,8,284,38,9,45,low
Allston,438437.0,2015,9,244,28,3,35,low
Allston,442258.0,2015,10,240,35,4,28,low
Allston,446043.0,2015,11,205,34,8,22,low
Allston,451218.0,2015,12,200,24,11,33,low
Allston,458572.0,2016,1,198,31,8,27,low
Allston,460555.0,2016,2,193,31,6,20,low
Allston,463173.0,2016,3,222,41,9,24,low
Allston,461480.0,2016,4,221,33,4,23,low
Allston,464762.0,2016,5,234,34,5,36,low
Allston,467512.0,2016,6,199,18,3,21,low
Allston,470359.0,2016,7,228,28,3,22,low
Allston,473691.0,2016,8,240,35,1,21,low
Allston,476093.0,2016,9,250,33,6,35,low
Allston,479118.0,2016,10,250,42,4,48,low
Allston,482702.0,2016,11,235,36,6,12,low
Allston,485787.0,2016,12,193,23,3,26,low
Allston,490362.0,2017,1,185,27,2,9,low
Allston,496112.0,2017,2,218,36,3,19,low
Allston,502870.0,2017,3,220,25,8,14,medium
Allston,509355.0,2017,4,228,41,7,17,medium
Allston,514290.0,2017,5,238,36,9,13,medium
Allston,519766.0,2017,6,247,34,2,31,medium
Allston,525405.0,2017,7,267,27,10,28,medium
Allston,530581.0,2017,8,232,21,5,15,medium
Allston,532395.0,2017,9,277,33,1,24,medium
Allston,532836.0,2017,10,270,41,9,26,medium
Allston,532603.0,2017,11,217,30,6,24,medium
Allston,532230.0,2017,12,163,21,3,18,medium
Allston,532039.0,2018,1,189,28,8,17,medium
Allston,533869.0,2018,2,175,22,9,32,medium
Allston,537577.0,2018,3,195,18,6,16,medium
Allston,542726.0,2018,4,183,30,1,10,medium
Allston,547446.0,2018,5,219,27,1,19,medium
Allston,551827.0,2018,6,204,23,4,15,medium
Allston,554793.0,2018,7,175,18,7,19,medium
Allston,556903.0,2018,8,217,19,2,12,medium
Allston,558942.0,2018,9,216,26,1,18,medium
Allston,560955.0,2018,10,210,27,3,13,medium
Allston,563718.0,2018,11,178,26,3,15,medium
Allston,566087.0,2018,12,190,21,2,24,medium
Allston,570715.0,2019,9,12,1,0,2,medium
Allston,571579.0,2019,10,195,18,1,29,medium
Allston,571282.0,2019,11,153,18,0,12,medium
Allston,569501.0,2019,12,128,10,1,17,medium
Allston,568407.0,2020,1,116,13,2,10,medium
Allston,570604.0,2020,2,136,11,2,12,medium
Allston,573762.0,2020,3,116,11,0,11,medium
Allston,577053.0,2020,4,81,6,0,12,medium
Allston,578838.0,2020,5,109,12,0,7,medium
Allston,578032.0,2020,6,117,11,3,9,medium
Allston,576821.0,2020,7,116,8,0,8,medium
Allston,577716.0,2020,8,121,13,0,9,medium
Allston,581573.0,2020,9,119,12,0,13,medium
Allston,586820.0,2020,10,138,9,0,22,medium
Allston,590424.0,2020,11,120,6,2,18,medium
Allston,592437.0,2020,12,144,10,3,18,medium
Allston,592471.0,2021,1,117,11,1,18,medium
Allston,594976.0,2021,2,90,6,3,11,medium
Allston,595129.0,2021,3,148,11,1,17,medium
Allston,598322.0,2021,4,133,7,0,13,medium
Allston,599238.0,2021,5,113,11,1,7,medium
Allston,603389.0,2021,6,124,10,2,7,medium
Allston,606635.0,2021,7,132,12,4,11,medium
Allston,608657.0,2021,8,148,5,2,10,medium
Allston,608058.0,2021,9,146,16,2,19,medium
Back Bay,1027725.0,2015,6,200,20,2,19,high
Back Bay,1044375.0,2015,7,339,20,11,46,high
Back Bay,1055709.0,2015,8,338,27,5,26,high
Back Bay,1069681.0,2015,9,352,32,1,30,high
Back Bay,1072843.0,2015,10,339,28,4,44,high
Back Bay,1077895.0,2015,11,336,29,7,40,high
Back Bay,1085379.0,2015,12,339,27,3,42,high
Back Bay,1099814.0,2016,1,332,23,2,43,high
Back Bay,1102500.0,2016,2,286,24,2,45,high
Back Bay,1107076.0,2016,3,320,31,4,32,high
Back Bay,1104085.0,2016,4,280,18,6,20,high
Back Bay,1109784.0,2016,5,301,27,5,32,high
Back Bay,1110369.0,2016,6,290,28,2,31,high
Back Bay,1109834.0,2016,7,330,40,3,32,high
Back Bay,1109670.0,2016,8,367,28,2,23,high
Back Bay,1111049.0,2016,9,316,25,4,26,high
Back Bay,1116791.0,2016,10,321,25,0,22,high
Back Bay,1126090.0,2016,11,317,22,1,31,high
Back Bay,1133114.0,2016,12,331,26,5,37,high
Back Bay,1137842.0,2017,1,315,33,5,30,high
Back Bay,1146292.0,2017,2,269,18,0,23,high
Back Bay,1159346.0,2017,3,300,32,1,23,high
Back Bay,1174523.0,2017,4,342,20,3,34,high
Back Bay,1181666.0,2017,5,304,28,0,45,high
Back Bay,1186501.0,2017,6,331,31,4,21,high
Back Bay,1192129.0,2017,7,335,34,2,29,high
Back Bay,1199150.0,2017,8,360,48,5,37,high
Back Bay,1201619.0,2017,9,326,40,3,25,very high
Back Bay,1203238.0,2017,10,364,29,5,45,very high
Back Bay,1205302.0,2017,11,286,27,2,19,very high
Back Bay,1207919.0,2017,12,332,40,7,35,very high
Back Bay,1211685.0,2018,1,274,34,9,41,very high
Back Bay,1217666.0,2018,2,282,31,8,22,very high
Back Bay,1226266.0,2018,3,321,35,7,44,very high
Back Bay,1229163.0,2018,4,296,20,8,30,very high
Back Bay,1231590.0,2018,5,326,35,7,34,very high
Back Bay,1233317.0,2018,6,316,40,2,36,very high
Back Bay,1237574.0,2018,7,339,40,2,45,very high
Back Bay,1239541.0,2018,8,349,34,3,32,very high
Back Bay,1241925.0,2018,9,309,24,3,34,very high
Back Bay,1245314.0,2018,10,347,39,0,24,very high
Back Bay,1248900.0,2018,11,302,38,3,33,very high
Back Bay,1249599.0,2018,12,320,30,0,42,very high
Back Bay,1236716.0,2019,9,11,0,0,2,very high
Back Bay,1235051.0,2019,10,220,26,4,28,very high
Back Bay,1231558.0,2019,11,186,12,1,22,very high
Back Bay,1232737.0,2019,12,233,31,0,30,very high
Back Bay,1234935.0,2020,1,208,19,3,21,very high
Back Bay,1243703.0,2020,2,216,26,2,26,very high
Back Bay,1250865.0,2020,3,155,18,0,14,very high
Back Bay,1254680.0,2020,4,72,11,0,17,very high
Back Bay,1254973.0,2020,5,79,4,1,13,very high
Back Bay,1249798.0,2020,6,114,14,0,12,very high
Back Bay,1244468.0,2020,7,175,13,1,16,very high
Back Bay,1241567.0,2020,8,177,7,0,11,very high
Back Bay,1245731.0,2020,9,214,18,0,14,very high
Back Bay,1251418.0,2020,10,202,20,0,14,very high
Back Bay,1254756.0,2020,11,202,11,2,14,very high
Back Bay,1253931.0,2020,12,177,9,1,11,very high
Back Bay,1252561.0,2021,1,150,15,0,14,very high
Back Bay,1254988.0,2021,2,155,12,0,11,very high
Back Bay,1252234.0,2021,3,204,7,1,11,very high
Back Bay,1253460.0,2021,4,181,15,0,12,very high
Back Bay,1249263.0,2021,5,192,25,2,13,very high
Back Bay,1256943.0,2021,6,225,20,1,16,very high
Back Bay,1266001.0,2021,7,200,15,2,8,very high
Back Bay,1274896.0,2021,8,207,13,1,6,very high
Back Bay,1273664.0,2021,9,231,10,0,11,very high
Bay Village,972947.0,2015,6,6,2,0,0,high
Bay Village,985502.0,2015,7,21,4,0,4,high
Bay Village,994655.0,2015,8,18,3,0,1,high
Bay Village,1006524.0,2015,9,18,3,0,1,high
Bay Village,1009440.0,2015,10,24,4,0,2,high
Bay Village,1012315.0,2015,11,27,4,0,0,high
Bay Village,1017122.0,2015,12,24,2,1,1,high
Bay Village,1030274.0,2016,1,20,2,0,2,high
Bay Village,1035902.0,2016,2,16,4,0,1,high
Bay Village,1044703.0,2016,3,10,1,0,0,high
Bay Village,1043948.0,2016,4,15,6,0,2,high
Bay Village,1050588.0,2016,5,18,3,0,0,high
Bay Village,1060181.0,2016,6,15,1,0,1,high
Bay Village,1071621.0,2016,7,27,2,1,1,high
Bay Village,1082289.0,2016,8,20,5,0,2,high
Bay Village,1085502.0,2016,9,35,7,1,5,high
Bay Village,1092395.0,2016,10,35,4,0,6,high
Bay Village,1104097.0,2016,11,15,0,0,0,high
Bay Village,1110432.0,2016,12,24,0,0,2,high
Bay Village,1111386.0,2017,1,20,1,0,2,high
Bay Village,1114130.0,2017,2,20,2,0,4,high
Bay Village,1124749.0,2017,3,11,1,0,0,high
Bay Village,1138011.0,2017,4,18,4,0,0,high
Bay Village,1146580.0,2017,5,18,8,0,2,high
Bay Village,1146387.0,2017,6,22,2,0,2,high
Bay Village,1147273.0,2017,7,31,3,2,0,high
Bay Village,1148402.0,2017,8,30,4,1,1,high
Bay Village,1150109.0,2017,9,18,2,0,0,high
Bay Village,1151827.0,2017,10,15,7,0,2,high
Bay Village,1152548.0,2017,11,15,1,1,0,high
Bay Village,1155898.0,2017,12,23,5,1,1,high
Bay Village,1157195.0,2018,1,23,4,0,2,high
Bay Village,1158626.0,2018,2,15,0,0,1,high
Bay Village,1166824.0,2018,3,20,0,0,1,high
Bay Village,1172276.0,2018,4,29,2,0,1,high
Bay Village,1178971.0,2018,5,30,3,1,1,high
Bay Village,1179539.0,2018,6,20,4,0,1,high
Bay Village,1181516.0,2018,7,16,5,0,1,high
Bay Village,1179936.0,2018,8,22,3,0,3,high
Bay Village,1177840.0,2018,9,25,7,0,2,high
Bay Village,1176916.0,2018,10,15,0,0,0,high
Bay Village,1179480.0,2018,11,14,3,0,2,high
Bay Village,1179172.0,2018,12,20,2,0,0,high
Bay Village,1161848.0,2019,9,1,0,0,0,high
Bay Village,1163149.0,2019,10,13,2,0,2,high
Bay Village,1164393.0,2019,11,12,2,0,0,high
Bay Village,1168245.0,2019,12,8,1,0,0,high
Bay Village,1172001.0,2020,1,12,1,0,2,high
Bay Village,1179472.0,2020,2,12,1,1,0,high
Bay Village,1181635.0,2020,3,8,0,0,2,high
Bay Village,1181930.0,2020,4,4,0,0,0,high
Bay Village,1179437.0,2020,5,3,0,0,0,high
Bay Village,1173624.0,2020,6,5,2,1,0,high
Bay Village,1168083.0,2020,7,14,0,1,0,high
Bay Village,1165693.0,2020,8,10,1,1,0,high
Bay Village,1171210.0,2020,9,14,0,0,0,high
Bay Village,1178966.0,2020,10,8,0,0,1,high
Bay Village,1182441.0,2020,11,6,1,0,0,high
Bay Village,1182646.0,2020,12,7,0,0,0,high
Bay Village,1178325.0,2021,1,9,1,0,1,high
Bay Village,1178879.0,2021,2,7,0,0,0,high
Bay Village,1173798.0,2021,3,8,0,0,1,high
Bay Village,1175838.0,2021,4,9,2,0,0,high
Bay Village,1175006.0,2021,5,12,2,1,0,high
Bay Village,1183173.0,2021,6,9,0,0,0,high
Bay Village,1199108.0,2021,7,5,0,0,0,high
Bay Village,1214619.0,2021,8,12,0,0,0,very high
Bay Village,1219589.0,2021,9,8,1,0,0,very high
Beacon Hill,827748.0,2015,6,40,0,0,2,high
Beacon Hill,915235.0,2015,6,40,0,0,2,high
Beacon Hill,835201.0,2015,7,63,1,2,5,high
Beacon Hill,931361.0,2015,7,63,1,2,5,high
Beacon Hill,840381.0,2015,8,105,9,5,8,high
Beacon Hill,943593.0,2015,8,105,9,5,8,high
Beacon Hill,848291.0,2015,9,73,6,2,1,high
Beacon Hill,959458.0,2015,9,73,6,2,1,high
Beacon Hill,849038.0,2015,10,87,10,1,4,high
Beacon Hill,960820.0,2015,10,87,10,1,4,high
Beacon Hill,851149.0,2015,11,77,1,0,1,high
Beacon Hill,961430.0,2015,11,77,1,0,1,high
Beacon Hill,855856.0,2015,12,65,3,1,4,high
Beacon Hill,964567.0,2015,12,65,3,1,4,high
Beacon Hill,869014.0,2016,1,72,3,3,4,high
Beacon Hill,976763.0,2016,1,72,3,3,4,high
Beacon Hill,873397.0,2016,2,48,4,0,3,high
Beacon Hill,985229.0,2016,2,48,4,0,3,high
Beacon Hill,879506.0,2016,3,64,5,0,3,high
Beacon Hill,995587.0,2016,3,64,5,0,3,high
Beacon Hill,878001.0,2016,4,82,6,3,1,high
Beacon Hill,996160.0,2016,4,82,6,3,1,high
Beacon Hill,881953.0,2016,5,93,5,7,8,high
Beacon Hill,1000723.0,2016,5,93,5,7,8,high
Beacon Hill,881068.0,2016,6,84,3,8,5,high
Beacon Hill,1002252.0,2016,6,84,3,8,5,high
Beacon Hill,879796.0,2016,7,76,5,2,2,high
Beacon Hill,1004191.0,2016,7,76,5,2,2,high
Beacon Hill,879086.0,2016,8,86,1,2,2,high
Beacon Hill,1005612.0,2016,8,86,1,2,2,high
Beacon Hill,880315.0,2016,9,84,5,6,5,high
Beacon Hill,1004913.0,2016,9,84,5,6,5,high
Beacon Hill,884354.0,2016,10,67,4,2,3,high
Beacon Hill,1007570.0,2016,10,67,4,2,3,high
Beacon Hill,892423.0,2016,11,73,1,0,2,high
Beacon Hill,1014336.0,2016,11,73,1,0,2,high
Beacon Hill,898206.0,2016,12,68,5,2,3,high
Beacon Hill,1018735.0,2016,12,68,5,2,3,high
Beacon Hill,901085.0,2017,1,70,4,2,6,high
Beacon Hill,1021211.0,2017,1,70,4,2,6,high
Beacon Hill,904980.0,2017,2,61,6,1,8,high
Beacon Hill,1025660.0,2017,2,61,6,1,8,high
Beacon Hill,911817.0,2017,3,60,6,0,6,high
Beacon Hill,1033178.0,2017,3,60,6,0,6,high
Beacon Hill,923103.0,2017,4,47,3,0,3,high
Beacon Hill,1043042.0,2017,4,47,3,0,3,high
Beacon Hill,929254.0,2017,5,71,4,1,3,high
Beacon Hill,1047295.0,2017,5,71,4,1,3,high
Beacon Hill,933266.0,2017,6,81,10,0,4,high
Beacon Hill,1051551.0,2017,6,81,10,0,4,high
Beacon Hill,937752.0,2017,7,85,9,0,2,high
Beacon Hill,1055195.0,2017,7,85,9,0,2,high
Beacon Hill,943912.0,2017,8,92,7,0,7,high
Beacon Hill,1059648.0,2017,8,92,7,0,7,high
Beacon Hill,946919.0,2017,9,74,3,0,6,high
Beacon Hill,1059972.0,2017,9,74,3,0,6,high
Beacon Hill,946683.0,2017,10,52,3,0,1,high
Beacon Hill,1058952.0,2017,10,52,3,0,1,high
Beacon Hill,945682.0,2017,11,63,1,2,0,high
Beacon Hill,1055846.0,2017,11,63,1,2,0,high
Beacon Hill,945768.0,2017,12,50,3,2,3,high
Beacon Hill,1054168.0,2017,12,50,3,2,3,high
Beacon Hill,947550.0,2018,1,53,4,1,6,high
Beacon Hill,1054075.0,2018,1,53,4,1,6,high
Beacon Hill,950528.0,2018,2,43,3,0,2,high
Beacon Hill,1056377.0,2018,2,43,3,0,2,high
Beacon Hill,957619.0,2018,3,43,3,0,4,high
Beacon Hill,1061373.0,2018,3,43,3,0,4,high
Beacon Hill,960722.0,2018,4,66,6,0,4,high
Beacon Hill,1061074.0,2018,4,66,6,0,4,high
Beacon Hill,963544.0,2018,5,82,5,2,4,high
Beacon Hill,1059861.0,2018,5,82,5,2,4,high
Beacon Hill,962873.0,2018,6,85,6,0,2,high
Beacon Hill,1057207.0,2018,6,85,6,0,2,high
Beacon Hill,965831.0,2018,7,76,1,0,8,high
Beacon Hill,1056602.0,2018,7,76,1,0,8,high
Beacon Hill,966360.0,2018,8,83,4,0,9,high
Beacon Hill,1055856.0,2018,8,83,4,0,9,high
Beacon Hill,966456.0,2018,9,76,10,0,2,high
Beacon Hill,1054280.0,2018,9,76,10,0,2,high
Beacon Hill,965970.0,2018,10,79,4,0,4,high
Beacon Hill,1055815.0,2018,10,79,4,0,4,high
Beacon Hill,969191.0,2018,11,75,5,3,4,high
Beacon Hill,1058992.0,2018,11,75,5,3,4,high
Beacon Hill,971136.0,2018,12,54,8,1,5,high
Beacon Hill,1061825.0,2018,12,54,8,1,5,high
Beacon Hill,974726.0,2019,9,4,0,0,0,high
Beacon Hill,1041966.0,2019,9,4,0,0,0,high
Beacon Hill,974179.0,2019,10,57,2,1,5,high
Beacon Hill,1039011.0,2019,10,57,2,1,5,high
Beacon Hill,971783.0,2019,11,42,5,1,1,high
Beacon Hill,1035883.0,2019,11,42,5,1,1,high
Beacon Hill,972589.0,2019,12,49,3,0,4,high
Beacon Hill,1034158.0,2019,12,49,3,0,4,high
Beacon Hill,973878.0,2020,1,34,0,1,2,high
Beacon Hill,1033316.0,2020,1,34,0,1,2,high
Beacon Hill,979482.0,2020,2,43,4,0,0,high
Beacon Hill,1035877.0,2020,2,43,4,0,0,high
Beacon Hill,982883.0,2020,3,44,4,0,2,high
Beacon Hill,1035856.0,2020,3,44,4,0,2,high
Beacon Hill,982870.0,2020,4,20,7,0,2,high
Beacon Hill,1033018.0,2020,4,20,7,0,2,high
Beacon Hill,979422.0,2020,5,32,4,2,1,high
Beacon Hill,1030851.0,2020,5,32,4,2,1,high
Beacon Hill,973423.0,2020,6,39,2,1,5,high
Beacon Hill,1026942.0,2020,6,39,2,1,5,high
Beacon Hill,970560.0,2020,7,54,3,0,7,high
Beacon Hill,1024459.0,2020,7,54,3,0,7,high
Beacon Hill,971687.0,2020,8,66,3,0,1,high
Beacon Hill,1023106.0,2020,8,66,3,0,1,high
Beacon Hill,977736.0,2020,9,54,4,0,1,high
Beacon Hill,1026817.0,2020,9,54,4,0,1,high
Beacon Hill,983986.0,2020,10,47,5,0,1,high
Beacon Hill,1032771.0,2020,10,47,5,0,1,high
Beacon Hill,985851.0,2020,11,36,2,1,1,high
Beacon Hill,1034810.0,2020,11,36,2,1,1,high
Beacon Hill,984665.0,2020,12,42,2,0,6,high
Beacon Hill,1032634.0,2020,12,42,2,0,6,high
Beacon Hill,982707.0,2021,1,36,3,0,2,high
Beacon Hill,1026714.0,2021,1,36,3,0,2,high
Beacon Hill,985239.0,2021,2,33,2,0,0,high
Beacon Hill,1024697.0,2021,2,33,2,0,0,high
Beacon Hill,983222.0,2021,3,58,2,0,2,high
Beacon Hill,1021408.0,2021,3,58,2,0,2,high
Beacon Hill,983681.0,2021,4,42,1,0,4,high
Beacon Hill,1024814.0,2021,4,42,1,0,4,high
Beacon Hill,981640.0,2021,5,34,3,0,1,high
Beacon Hill,1025481.0,2021,5,34,3,0,1,high
Beacon Hill,987333.0,2021,6,57,5,0,2,high
Beacon Hill,1029557.0,2021,6,57,5,0,2,high
Beacon Hill,990942.0,2021,7,47,3,0,4,high
Beacon Hill,1031040.0,2021,7,47,3,0,4,high
Beacon Hill,992637.0,2021,8,57,5,0,4,high
Beacon Hill,1032121.0,2021,8,57,5,0,4,high
Beacon Hill,988748.0,2021,9,52,3,0,3,high
Beacon Hill,1029521.0,2021,9,52,3,0,3,high
Brighton,430473.0,2015,6,135,18,5,9,low
Brighton,435303.0,2015,7,259,26,3,23,low
Brighton,439337.0,2015,8,254,32,3,29,low
Brighton,444624.0,2015,9,314,36,10,27,low
Brighton,447526.0,2015,10,284,32,8,22,low
Brighton,451519.0,2015,11,224,24,7,23,low
Brighton,456881.0,2015,12,268,32,10,40,low
Brighton,464863.0,2016,1,292,35,10,43,low
Brighton,467121.0,2016,2,284,28,15,27,low
Brighton,470729.0,2016,3,228,22,12,26,low
Brighton,469626.0,2016,4,248,32,3,22,low
Brighton,472327.0,2016,5,286,23,7,10,low
Brighton,473244.0,2016,6,273,21,9,16,low
Brighton,475618.0,2016,7,313,32,3,27,low
Brighton,479220.0,2016,8,269,35,0,29,low
Brighton,481360.0,2016,9,255,31,10,23,low
Brighton,483392.0,2016,10,275,37,1,24,low
Brighton,485895.0,2016,11,239,30,9,16,low
Brighton,487680.0,2016,12,284,27,5,20,low
Brighton,489242.0,2017,1,271,31,8,16,low
Brighton,492623.0,2017,2,249,28,4,15,low
Brighton,497747.0,2017,3,254,35,9,11,low
Brighton,503788.0,2017,4,245,17,11,14,medium
Brighton,507899.0,2017,5,337,45,12,21,medium
Brighton,511819.0,2017,6,325,35,13,20,medium
Brighton,516440.0,2017,7,303,22,11,11,medium
Brighton,520823.0,2017,8,262,24,8,13,medium
Brighton,523322.0,2017,9,349,34,9,27,medium
Brighton,524677.0,2017,10,337,34,17,30,medium
Brighton,526290.0,2017,11,291,33,19,18,medium
Brighton,527622.0,2017,12,295,30,9,24,medium
Brighton,529234.0,2018,1,263,40,13,26,medium
Brighton,531293.0,2018,2,220,19,14,28,medium
Brighton,535159.0,2018,3,284,38,13,12,medium
Brighton,539117.0,2018,4,245,16,8,10,medium
Brighton,543634.0,2018,5,338,35,19,14,medium
Brighton,547257.0,2018,6,333,30,13,16,medium
Brighton,549918.0,2018,7,285,31,11,13,medium
Brighton,550075.0,2018,8,342,32,14,16,medium
Brighton,550304.0,2018,9,309,27,14,22,medium
Brighton,550940.0,2018,10,299,23,7,9,medium
Brighton,552740.0,2018,11,283,17,17,13,medium
Brighton,553797.0,2018,12,268,31,8,6,medium
Brighton,547192.0,2019,9,20,0,0,4,medium
Brighton,547499.0,2019,10,297,19,1,36,medium
Brighton,546943.0,2019,11,268,22,0,30,medium
Brighton,547032.0,2019,12,250,16,0,33,medium
Brighton,546390.0,2020,1,304,23,0,24,medium
Brighton,549159.0,2020,2,219,15,0,28,medium
Brighton,551940.0,2020,3,275,12,1,27,medium
Brighton,554819.0,2020,4,224,15,0,22,medium
Brighton,555995.0,2020,5,253,19,0,20,medium
Brighton,556700.0,2020,6,267,11,3,24,medium
Brighton,557829.0,2020,7,311,13,2,29,medium
Brighton,561200.0,2020,8,317,15,0,25,medium
Brighton,566710.0,2020,9,330,22,2,27,medium
Brighton,572444.0,2020,10,361,15,3,39,medium
Brighton,576166.0,2020,11,242,15,0,33,medium
Brighton,577183.0,2020,12,268,14,0,30,medium
Brighton,576462.0,2021,1,249,13,4,26,medium
Brighton,576980.0,2021,2,216,18,1,23,medium
Brighton,575634.0,2021,3,258,14,2,26,medium
Brighton,577604.0,2021,4,262,18,0,33,medium
Brighton,579177.0,2021,5,249,17,2,20,medium
Brighton,584876.0,2021,6,284,17,6,31,medium
Brighton,589448.0,2021,7,315,18,7,42,medium
Brighton,592152.0,2021,8,306,15,2,32,medium
Brighton,591945.0,2021,9,327,22,1,31,medium
Charlestown,636110.0,2015,6,77,8,1,3,medium
Charlestown,645596.0,2015,7,179,14,14,14,medium
Charlestown,655255.0,2015,8,144,13,9,9,medium
Charlestown,665707.0,2015,9,171,23,17,7,medium
Charlestown,669870.0,2015,10,135,14,9,7,medium
Charlestown,673625.0,2015,11,150,17,14,10,medium
Charlestown,679661.0,2015,12,135,11,7,7,medium
Charlestown,689968.0,2016,1,142,17,13,10,medium
Charlestown,692002.0,2016,2,121,9,7,1,medium
Charlestown,695230.0,2016,3,126,13,4,9,medium
Charlestown,692715.0,2016,4,121,12,3,2,medium
Charlestown,696207.0,2016,5,163,16,7,9,medium
Charlestown,697093.0,2016,6,180,18,9,16,medium
Charlestown,698989.0,2016,7,157,21,6,6,medium
Charlestown,702381.0,2016,8,168,15,8,3,medium
Charlestown,706939.0,2016,9,164,16,9,8,medium
Charlestown,712135.0,2016,10,131,8,6,6,medium
Charlestown,717686.0,2016,11,145,16,4,4,medium
Charlestown,720227.0,2016,12,134,5,4,4,medium
Charlestown,721405.0,2017,1,132,15,9,4,medium
Charlestown,725016.0,2017,2,120,13,2,7,medium
Charlestown,730912.0,2017,3,171,18,5,7,medium
Charlestown,740592.0,2017,4,158,29,0,6,medium
Charlestown,746278.0,2017,5,155,20,2,8,medium
Charlestown,749520.0,2017,6,197,15,11,5,medium
Charlestown,750560.0,2017,7,181,25,8,9,medium
Charlestown,753319.0,2017,8,172,15,8,15,medium
Charlestown,755736.0,2017,9,149,22,10,11,medium
Charlestown,758456.0,2017,10,152,24,4,7,medium
Charlestown,761089.0,2017,11,165,16,12,10,medium
Charlestown,764186.0,2017,12,136,12,1,9,medium
Charlestown,767625.0,2018,1,152,20,6,8,medium
Charlestown,771444.0,2018,2,155,25,2,11,medium
Charlestown,776412.0,2018,3,136,15,2,8,medium
Charlestown,780233.0,2018,4,130,9,12,2,medium
Charlestown,783957.0,2018,5,181,31,14,6,medium
Charlestown,788440.0,2018,6,167,24,17,8,medium
Charlestown,792569.0,2018,7,128,22,2,5,medium
Charlestown,793847.0,2018,8,158,19,4,10,medium
Charlestown,792057.0,2018,9,146,15,12,1,medium
Charlestown,790327.0,2018,10,184,26,5,4,medium
Charlestown,792097.0,2018,11,117,15,12,3,medium
Charlestown,794643.0,2018,12,155,20,8,4,medium
Charlestown,798848.0,2019,9,8,0,0,0,medium
Charlestown,800110.0,2019,10,166,18,6,8,high
Charlestown,798603.0,2019,11,155,8,4,8,medium
Charlestown,797536.0,2019,12,145,10,4,9,medium
Charlestown,797496.0,2020,1,127,11,2,9,medium
Charlestown,802627.0,2020,2,117,6,4,7,high
Charlestown,807735.0,2020,3,123,9,4,5,high
Charlestown,811619.0,2020,4,72,6,2,1,high
Charlestown,812184.0,2020,5,60,4,0,3,high
Charlestown,808854.0,2020,6,113,8,2,6,high
Charlestown,807505.0,2020,7,121,7,0,12,high
Charlestown,808900.0,2020,8,158,10,2,15,high
Charlestown,816241.0,2020,9,119,10,0,6,high
Charlestown,822480.0,2020,10,131,9,1,7,high
Charlestown,826275.0,2020,11,158,12,1,7,high
Charlestown,826775.0,2020,12,138,8,3,7,high
Charlestown,826734.0,2021,1,101,5,2,8,high
Charlestown,829289.0,2021,2,101,7,2,7,high
Charlestown,828504.0,2021,3,112,7,0,4,high
Charlestown,832010.0,2021,4,115,3,4,3,high
Charlestown,832794.0,2021,5,127,10,2,7,high
Charlestown,838952.0,2021,6,157,8,7,7,high
Charlestown,844167.0,2021,7,112,12,0,5,high
Charlestown,849365.0,2021,8,113,5,1,7,high
Charlestown,849988.0,2021,9,92,6,2,4,high
Dorchester,375282.0,2015,6,1022,142,50,69,low
Dorchester,381018.0,2015,7,2097,352,103,117,low
Dorchester,385264.0,2015,8,2006,316,87,119,low
Dorchester,390753.0,2015,9,1920,292,94,95,low
Dorchester,393675.0,2015,10,1932,265,128,101,low
Dorchester,396268.0,2015,11,1864,304,96,84,low
Dorchester,400262.0,2015,12,1979,303,80,100,low
Dorchester,406585.0,2016,1,2035,284,89,107,low
Dorchester,409204.0,2016,2,1701,254,109,60,low
Dorchester,412811.0,2016,3,1951,301,129,87,low
Dorchester,413432.0,2016,4,2102,361,101,96,low
Dorchester,417244.0,2016,5,2064,349,87,110,low
Dorchester,421273.0,2016,6,1975,324,121,88,low
Dorchester,424953.0,2016,7,2017,329,71,99,low
Dorchester,428770.0,2016,8,2093,307,57,93,low
Dorchester,431330.0,2016,9,1949,253,78,79,low
Dorchester,434519.0,2016,10,2020,307,64,88,low
Dorchester,439602.0,2016,11,1856,264,80,68,low
Dorchester,442366.0,2016,12,1867,282,40,85,low
Dorchester,445479.0,2017,1,1890,299,68,73,low
Dorchester,449272.0,2017,2,1787,255,72,78,low
Dorchester,455108.0,2017,3,1889,264,114,82,low
Dorchester,462851.0,2017,4,1875,285,68,82,low
Dorchester,467006.0,2017,5,2088,337,76,96,low
Dorchester,470865.0,2017,6,2009,309,54,97,low
Dorchester,473855.0,2017,7,2001,284,66,76,low
Dorchester,478792.0,2017,8,2144,295,80,86,low
Dorchester,482233.0,2017,9,2028,289,70,63,low
Dorchester,484756.0,2017,10,2025,317,57,106,low
Dorchester,486391.0,2017,11,1790,250,60,85,low
Dorchester,488502.0,2017,12,1802,235,52,79,low
Dorchester,491436.0,2018,1,1777,255,59,62,low
Dorchester,495666.0,2018,2,1551,244,77,59,low
Dorchester,500448.0,2018,3,1808,233,104,71,medium
Dorchester,504913.0,2018,4,1900,302,82,75,medium
Dorchester,508995.0,2018,5,2159,351,85,87,medium
Dorchester,512982.0,2018,6,2203,370,75,91,medium
Dorchester,516404.0,2018,7,2070,296,91,84,medium
Dorchester,519070.0,2018,8,1912,255,68,81,medium
Dorchester,521975.0,2018,9,1935,322,59,81,medium
Dorchester,524957.0,2018,10,1779,263,56,50,medium
Dorchester,528878.0,2018,11,1811,265,55,66,medium
Dorchester,532509.0,2018,12,1806,257,61,84,medium
Dorchester,537055.0,2019,9,111,13,8,7,medium
Dorchester,538610.0,2019,10,1616,165,66,125,medium
Dorchester,538231.0,2019,11,1440,150,55,127,medium
Dorchester,537752.0,2019,12,1326,140,28,106,medium
Dorchester,538523.0,2020,1,1407,155,43,113,medium
Dorchester,542277.0,2020,2,1264,108,64,108,medium
Dorchester,547103.0,2020,3,1306,124,39,82,medium
Dorchester,549538.0,2020,4,998,73,3,59,medium
Dorchester,549559.0,2020,5,1364,135,19,73,medium
Dorchester,546841.0,2020,6,1559,137,13,86,medium
Dorchester,547392.0,2020,7,1517,149,16,89,medium
Dorchester,550730.0,2020,8,1562,162,24,76,medium
Dorchester,557951.0,2020,9,1512,153,28,83,medium
Dorchester,564060.0,2020,10,1473,127,26,75,medium
Dorchester,569070.0,2020,11,1335,106,35,65,medium
Dorchester,571056.0,2020,12,1337,109,27,93,medium
Dorchester,573071.0,2021,1,1210,89,24,60,medium
Dorchester,576834.0,2021,2,1222,84,42,60,medium
Dorchester,579456.0,2021,3,1337,108,38,80,medium
Dorchester,584965.0,2021,4,1318,106,27,63,medium
Dorchester,588519.0,2021,5,1431,147,30,64,medium
Dorchester,595617.0,2021,6,1484,170,22,71,medium
Dorchester,601099.0,2021,7,1386,118,28,87,medium
Dorchester,605020.0,2021,8,1565,122,46,67,medium
Dorchester,604680.0,2021,9,1469,122,31,63,medium
Downtown,1013973.0,2015,6,256,32,27,17,high
Downtown,1030056.0,2015,7,501,76,36,30,high
Downtown,1041340.0,2015,8,573,105,27,45,high
Downtown,1057461.0,2015,9,614,99,51,55,high
Downtown,1062665.0,2015,10,606,126,51,64,high
Downtown,1069361.0,2015,11,474,83,22,40,high
Downtown,1076881.0,2015,12,472,81,16,36,high
Downtown,1090686.0,2016,1,536,94,23,46,high
Downtown,1093722.0,2016,2,399,49,26,24,high
Downtown,1101739.0,2016,3,501,83,46,39,high
Downtown,1101463.0,2016,4,472,72,31,50,high
Downtown,1106716.0,2016,5,502,59,50,35,high
Downtown,1107430.0,2016,6,501,78,43,38,high
Downtown,1110303.0,2016,7,575,71,42,46,high
Downtown,1114479.0,2016,8,518,67,35,43,high
Downtown,1119943.0,2016,9,545,79,31,32,high
Downtown,1126334.0,2016,10,576,95,22,44,high
Downtown,1136422.0,2016,11,514,79,34,48,high
Downtown,1140316.0,2016,12,431,82,13,40,high
Downtown,1140762.0,2017,1,478,77,26,31,high
Downtown,1143479.0,2017,2,435,73,23,34,high
Downtown,1150490.0,2017,3,485,71,26,28,high
Downtown,1163327.0,2017,4,489,68,21,26,high
Downtown,1170421.0,2017,5,533,79,34,29,high
Downtown,1176163.0,2017,6,573,78,30,45,high
Downtown,1180589.0,2017,7,590,99,33,34,high
Downtown,1186306.0,2017,8,612,111,43,50,high
Downtown,1190119.0,2017,9,552,86,40,46,high
Downtown,1190234.0,2017,10,581,80,31,32,high
Downtown,1192588.0,2017,11,475,85,37,31,high
Downtown,1195654.0,2017,12,448,59,13,45,high
Downtown,1201001.0,2018,1,440,85,23,27,very high
Downtown,1204307.0,2018,2,449,75,14,40,very high
Downtown,1212623.0,2018,3,467,78,24,30,very high
Downtown,1215243.0,2018,4,464,87,13,30,very high
Downtown,1215664.0,2018,5,517,102,29,23,very high
Downtown,1209400.0,2018,6,445,85,23,23,very high
Downtown,1206340.0,2018,7,573,98,29,40,very high
Downtown,1201979.0,2018,8,550,96,31,45,very high
Downtown,1198941.0,2018,9,534,77,42,40,high
Downtown,1199860.0,2018,10,549,105,29,37,high
Downtown,1202203.0,2018,11,472,83,25,36,very high
Downtown,1204014.0,2018,12,506,84,28,49,very high
Downtown,1205636.0,2019,9,34,3,1,6,very high
Downtown,1204917.0,2019,10,597,62,29,75,very high
Downtown,1200122.0,2019,11,535,59,40,72,very high
Downtown,1194783.0,2019,12,463,63,15,67,high
Downtown,1194452.0,2020,1,482,50,21,78,high
Downtown,1198155.0,2020,2,449,51,22,70,high
Downtown,1199266.0,2020,3,384,35,9,51,high
Downtown,1197999.0,2020,4,317,22,1,29,high
Downtown,1191148.0,2020,5,348,38,14,32,high
Downtown,1183809.0,2020,6,338,44,3,44,high
Downtown,1176465.0,2020,7,366,63,7,35,high
Downtown,1175894.0,2020,8,350,45,5,32,high
Downtown,1183688.0,2020,9,416,56,13,32,high
Downtown,1193660.0,2020,10,417,47,37,40,high
Downtown,1198605.0,2020,11,343,31,13,29,high
Downtown,1197800.0,2020,12,295,19,9,30,high
Downtown,1195435.0,2021,1,302,34,5,25,high
Downtown,1198102.0,2021,2,255,27,10,19,high
Downtown,1198242.0,2021,3,347,48,11,21,high
Downtown,1202347.0,2021,4,332,44,20,32,very high
Downtown,1201890.0,2021,5,371,40,15,31,very high
Downtown,1205131.0,2021,6,410,48,16,30,very high
Downtown,1209756.0,2021,7,392,45,15,30,very high
Downtown,1215843.0,2021,8,492,42,50,36,very high
Downtown,1216014.0,2021,9,462,49,45,41,very high
East Boston,347989.0,2015,6,181,26,9,21,low
East Boston,355531.0,2015,7,378,61,29,23,low
East Boston,361746.0,2015,8,374,48,24,20,low
East Boston,369571.0,2015,9,391,66,23,27,low
East Boston,372849.0,2015,10,379,54,36,18,low
East Boston,377056.0,2015,11,349,44,33,19,low
East Boston,381090.0,2015,12,317,35,22,20,low
East Boston,388421.0,2016,1,304,39,22,7,low
East Boston,390578.0,2016,2,286,34,17,12,low
East Boston,394900.0,2016,3,299,39,29,8,low
East Boston,396384.0,2016,4,366,59,22,18,low
East Boston,401623.0,2016,5,363,72,26,21,low
East Boston,408222.0,2016,6,392,61,26,21,low
East Boston,413224.0,2016,7,321,48,21,8,low
East Boston,419449.0,2016,8,348,53,9,14,low
East Boston,424572.0,2016,9,330,50,8,9,low
East Boston,431444.0,2016,10,337,48,22,13,low
East Boston,438576.0,2016,11,291,46,18,7,low
East Boston,443205.0,2016,12,326,57,10,16,low
East Boston,444880.0,2017,1,339,44,18,10,low
East Boston,445820.0,2017,2,280,56,8,13,low
East Boston,446237.0,2017,3,311,46,20,13,low
East Boston,451035.0,2017,4,335,35,15,21,low
East Boston,454763.0,2017,5,335,39,11,13,low
East Boston,456018.0,2017,6,363,67,15,11,low
East Boston,455954.0,2017,7,333,54,16,13,low
East Boston,457271.0,2017,8,397,58,12,22,low
East Boston,461167.0,2017,9,332,42,12,19,low
East Boston,463350.0,2017,10,360,59,12,23,low
East Boston,465469.0,2017,11,332,40,16,8,low
East Boston,466889.0,2017,12,322,44,11,19,low
East Boston,468472.0,2018,1,342,42,13,13,low
East Boston,471075.0,2018,2,323,46,11,13,low
East Boston,475060.0,2018,3,332,47,24,10,low
East Boston,480777.0,2018,4,335,45,16,11,low
East Boston,485743.0,2018,5,352,54,11,12,low
East Boston,491017.0,2018,6,344,50,14,17,low
East Boston,495126.0,2018,7,313,47,14,17,low
East Boston,498972.0,2018,8,297,40,14,18,low
East Boston,501737.0,2018,9,279,33,15,15,medium
East Boston,506106.0,2018,10,297,39,14,13,medium
East Boston,511485.0,2018,11,291,40,12,12,medium
East Boston,516176.0,2018,12,275,47,13,12,medium
East Boston,530075.0,2019,9,17,1,0,2,medium
East Boston,530064.0,2019,10,275,36,12,20,medium
East Boston,528151.0,2019,11,230,20,11,18,medium
East Boston,526856.0,2019,12,229,9,13,15,medium
East Boston,525824.0,2020,1,236,15,3,19,medium
East Boston,528908.0,2020,2,256,16,9,16,medium
East Boston,531638.0,2020,3,241,21,5,15,medium
East Boston,532998.0,2020,4,195,10,1,16,medium
East Boston,532757.0,2020,5,220,27,4,12,medium
East Boston,531850.0,2020,6,261,20,7,11,medium
East Boston,531848.0,2020,7,322,35,9,14,medium
East Boston,534692.0,2020,8,330,34,13,21,medium
East Boston,540047.0,2020,9,266,27,16,12,medium
East Boston,546699.0,2020,10,303,28,20,18,medium
East Boston,550919.0,2020,11,237,23,11,19,medium
East Boston,553894.0,2020,12,260,23,7,18,medium
East Boston,555715.0,2021,1,249,23,11,27,medium
East Boston,558986.0,2021,2,243,23,5,12,medium
East Boston,559968.0,2021,3,254,19,5,18,medium
East Boston,562822.0,2021,4,245,12,0,13,medium
East Boston,564767.0,2021,5,280,24,1,16,medium
East Boston,569828.0,2021,6,290,28,2,24,medium
East Boston,578482.0,2021,7,266,25,2,19,medium
East Boston,586129.0,2021,8,279,26,2,9,medium
East Boston,591058.0,2021,9,272,21,1,22,medium
Fenway,460051.0,2015,6,102,12,0,17,low
Fenway,466475.0,2015,7,234,27,4,35,low
Fenway,470842.0,2015,8,283,41,4,52,low
Fenway,476405.0,2015,9,228,26,3,45,low
Fenway,478094.0,2015,10,217,33,6,23,low
Fenway,479792.0,2015,11,246,40,2,41,low
Fenway,483810.0,2015,12,215,24,0,37,low
Fenway,491421.0,2016,1,178,24,1,37,low
Fenway,494365.0,2016,2,205,34,4,19,low
Fenway,497493.0,2016,3,200,31,4,20,low
Fenway,496546.0,2016,4,233,31,6,21,low
Fenway,499299.0,2016,5,259,41,2,32,low
Fenway,503130.0,2016,6,226,31,5,27,medium
Fenway,505412.0,2016,7,256,35,9,16,medium
Fenway,509314.0,2016,8,234,33,3,23,medium
Fenway,511134.0,2016,9,280,43,2,26,medium
Fenway,516437.0,2016,10,225,16,3,20,medium
Fenway,523303.0,2016,11,183,18,1,20,medium
Fenway,526825.0,2016,12,205,29,2,28,medium
Fenway,528585.0,2017,1,195,16,7,27,medium
Fenway,530504.0,2017,2,159,18,0,23,medium
Fenway,536344.0,2017,3,169,19,3,19,medium
Fenway,545420.0,2017,4,248,44,3,23,medium
Fenway,551067.0,2017,5,218,37,1,16,medium
Fenway,557203.0,2017,6,247,35,12,21,medium
Fenway,561711.0,2017,7,233,26,1,26,medium
Fenway,566321.0,2017,8,223,33,1,19,medium
Fenway,566928.0,2017,9,257,31,3,24,medium
Fenway,566673.0,2017,10,169,16,0,18,medium
Fenway,566999.0,2017,11,198,28,2,13,medium
Fenway,567947.0,2017,12,176,25,1,21,medium
Fenway,570689.0,2018,1,178,33,5,19,medium
Fenway,575296.0,2018,2,163,20,1,21,medium
Fenway,581518.0,2018,3,215,23,7,37,medium
Fenway,585610.0,2018,4,254,37,3,47,medium
Fenway,589661.0,2018,5,252,37,7,29,medium
Fenway,591358.0,2018,6,296,41,1,32,medium
Fenway,593909.0,2018,7,308,45,5,34,medium
Fenway,594009.0,2018,8,229,27,2,22,medium
Fenway,595600.0,2018,9,267,27,4,36,medium
Fenway,596052.0,2018,10,216,19,3,23,medium
Fenway,598274.0,2018,11,216,28,5,32,medium
Fenway,600077.0,2018,12,209,28,8,39,medium
Fenway,600826.0,2019,9,6,0,0,1,medium
Fenway,600222.0,2019,10,135,11,2,20,medium
Fenway,597543.0,2019,11,134,14,1,19,medium
Fenway,596183.0,2019,12,121,9,0,25,medium
Fenway,596749.0,2020,1,118,13,0,17,medium
Fenway,600647.0,2020,2,120,14,0,18,medium
Fenway,602719.0,2020,3,81,11,0,7,medium
Fenway,602430.0,2020,4,86,11,0,6,medium
Fenway,600718.0,2020,5,83,7,1,6,medium
Fenway,600320.0,2020,6,84,4,0,8,medium
Fenway,601299.0,2020,7,146,12,0,13,medium
Fenway,604265.0,2020,8,142,11,0,6,medium
Fenway,608615.0,2020,9,119,7,1,7,medium
Fenway,613649.0,2020,10,103,11,1,8,medium
Fenway,616503.0,2020,11,113,8,0,10,medium
Fenway,616925.0,2020,12,125,10,1,11,medium
Fenway,615155.0,2021,1,97,6,3,8,medium
Fenway,615940.0,2021,2,119,9,1,16,medium
Fenway,612436.0,2021,3,138,12,1,14,medium
Fenway,612120.0,2021,4,150,9,2,15,medium
Fenway,609930.0,2021,5,195,17,0,9,medium
Fenway,612356.0,2021,6,183,19,0,12,medium
Fenway,613572.0,2021,7,155,13,0,6,medium
Fenway,613035.0,2021,8,176,14,1,11,medium
Fenway,610712.0,2021,9,186,12,1,10,medium
Hyde Park,354930.0,2015,6,173,31,14,8,low
Hyde Park,358649.0,2015,7,341,49,31,26,low
Hyde Park,361456.0,2015,8,305,32,22,19,low
Hyde Park,364590.0,2015,9,274,38,19,20,low
Hyde Park,366452.0,2015,10,334,37,24,27,low
Hyde Park,368165.0,2015,11,315,36,5,20,low
Hyde Park,371227.0,2015,12,308,40,16,24,low
Hyde Park,377353.0,2016,1,279,32,13,19,low
Hyde Park,380139.0,2016,2,323,37,29,14,low
Hyde Park,384252.0,2016,3,309,38,32,10,low
Hyde Park,385793.0,2016,4,294,55,23,14,low
Hyde Park,388620.0,2016,5,308,38,21,15,low
Hyde Park,389275.0,2016,6,362,46,27,19,low
Hyde Park,389404.0,2016,7,315,51,19,20,low
Hyde Park,390160.0,2016,8,355,49,10,18,low
Hyde Park,390525.0,2016,9,321,46,20,12,low
Hyde Park,391088.0,2016,10,290,23,15,9,low
Hyde Park,393603.0,2016,11,280,40,9,5,low
Hyde Park,394727.0,2016,12,339,40,4,17,low
Hyde Park,396200.0,2017,1,338,44,15,18,low
Hyde Park,397481.0,2017,2,319,40,13,19,low
Hyde Park,401845.0,2017,3,350,42,15,11,low
Hyde Park,407384.0,2017,4,302,46,8,16,low
Hyde Park,412085.0,2017,5,378,48,17,16,low
Hyde Park,415137.0,2017,6,345,36,18,8,low
Hyde Park,416950.0,2017,7,395,52,4,23,low
Hyde Park,419164.0,2017,8,335,40,8,9,low
Hyde Park,420891.0,2017,9,336,37,11,12,low
Hyde Park,422775.0,2017,10,341,50,9,15,low
Hyde Park,424656.0,2017,11,357,48,6,15,low
Hyde Park,426057.0,2017,12,288,36,8,10,low
Hyde Park,429004.0,2018,1,358,47,3,16,low
Hyde Park,431151.0,2018,2,305,37,8,5,low
Hyde Park,436210.0,2018,3,311,38,6,6,low
Hyde Park,440092.0,2018,4,334,44,10,10,low
Hyde Park,444825.0,2018,5,382,44,4,6,low
Hyde Park,447365.0,2018,6,385,36,11,14,low
Hyde Park,450607.0,2018,7,340,47,9,4,low
Hyde Park,454288.0,2018,8,364,44,13,9,low
Hyde Park,458227.0,2018,9,344,51,18,8,low
Hyde Park,460911.0,2018,10,364,56,8,9,low
Hyde Park,464123.0,2018,11,314,40,7,8,low
Hyde Park,467276.0,2018,12,321,41,10,7,low
Hyde Park,472875.0,2019,9,15,2,0,0,low
Hyde Park,472980.0,2019,10,348,19,2,32,low
Hyde Park,472871.0,2019,11,307,20,2,21,low
Hyde Park,473266.0,2019,12,283,14,4,24,low
Hyde Park,474045.0,2020,1,298,20,8,32,low
Hyde Park,477208.0,2020,2,258,14,4,25,low
Hyde Park,481178.0,2020,3,271,16,7,19,low
Hyde Park,483695.0,2020,4,235,20,1,21,low
Hyde Park,484449.0,2020,5,280,15,4,20,low
Hyde Park,485016.0,2020,6,306,21,4,26,low
Hyde Park,487998.0,2020,7,278,27,6,26,low
Hyde Park,493879.0,2020,8,310,21,0,19,low
Hyde Park,503153.0,2020,9,299,24,8,24,medium
Hyde Park,511290.0,2020,10,284,20,4,16,medium
Hyde Park,517214.0,2020,11,327,19,3,24,medium
Hyde Park,519816.0,2020,12,286,24,1,13,medium
Hyde Park,522934.0,2021,1,225,12,4,10,medium
Hyde Park,527697.0,2021,2,222,13,4,19,medium
Hyde Park,529239.0,2021,3,290,22,2,21,medium
Hyde Park,535039.0,2021,4,252,20,3,11,medium
Hyde Park,540938.0,2021,5,233,16,2,14,medium
Hyde Park,551422.0,2021,6,253,15,3,16,medium
Hyde Park,559084.0,2021,7,269,14,6,18,medium
Hyde Park,565121.0,2021,8,308,16,3,23,medium
Hyde Park,566251.0,2021,9,257,19,2,19,medium
Jamaica Plain,494251.0,2015,6,173,17,14,19,low
Jamaica Plain,500231.0,2015,7,362,70,21,36,medium
Jamaica Plain,504760.0,2015,8,370,49,38,26,medium
Jamaica Plain,511146.0,2015,9,416,64,32,26,medium
Jamaica Plain,513893.0,2015,10,379,44,27,46,medium
Jamaica Plain,517444.0,2015,11,376,43,26,36,medium
Jamaica Plain,521988.0,2015,12,385,32,29,21,medium
Jamaica Plain,530726.0,2016,1,352,38,30,15,medium
Jamaica Plain,533710.0,2016,2,375,40,22,36,medium
Jamaica Plain,537336.0,2016,3,350,50,32,22,medium
Jamaica Plain,536312.0,2016,4,401,50,26,30,medium
Jamaica Plain,538740.0,2016,5,393,59,29,28,medium
Jamaica Plain,541385.0,2016,6,453,60,29,30,medium
Jamaica Plain,543362.0,2016,7,436,61,23,31,medium
Jamaica Plain,545576.0,2016,8,433,42,23,26,medium
Jamaica Plain,546613.0,2016,9,384,46,32,13,medium
Jamaica Plain,549072.0,2016,10,382,48,12,11,medium
Jamaica Plain,553664.0,2016,11,398,52,10,26,medium
Jamaica Plain,556039.0,2016,12,385,42,15,20,medium
Jamaica Plain,558067.0,2017,1,332,46,7,17,medium
Jamaica Plain,561636.0,2017,2,346,55,13,20,medium
Jamaica Plain,567941.0,2017,3,355,36,24,16,medium
Jamaica Plain,576229.0,2017,4,348,44,22,12,medium
Jamaica Plain,580843.0,2017,5,392,37,27,13,medium
Jamaica Plain,583981.0,2017,6,409,64,19,23,medium
Jamaica Plain,586595.0,2017,7,434,64,21,28,medium
Jamaica Plain,590379.0,2017,8,431,57,17,25,medium
Jamaica Plain,592305.0,2017,9,417,71,12,33,medium
Jamaica Plain,593551.0,2017,10,379,46,14,33,medium
Jamaica Plain,594836.0,2017,11,366,39,20,22,medium
Jamaica Plain,596329.0,2017,12,363,38,16,18,medium
Jamaica Plain,598740.0,2018,1,380,41,29,18,medium
Jamaica Plain,601521.0,2018,2,315,35,15,19,medium
Jamaica Plain,606116.0,2018,3,375,49,11,13,medium
Jamaica Plain,609445.0,2018,4,364,42,21,20,medium
Jamaica Plain,613526.0,2018,5,458,61,14,25,medium
Jamaica Plain,617888.0,2018,6,405,58,16,22,medium
Jamaica Plain,622545.0,2018,7,411,39,20,17,medium
Jamaica Plain,625423.0,2018,8,368,56,9,23,medium
Jamaica Plain,627279.0,2018,9,374,48,36,10,medium
Jamaica Plain,629120.0,2018,10,457,63,26,21,medium
Jamaica Plain,632056.0,2018,11,404,52,28,21,medium
Jamaica Plain,634811.0,2018,12,374,35,35,26,medium
Jamaica Plain,639783.0,2019,9,34,3,1,3,medium
Jamaica Plain,640105.0,2019,10,365,45,12,20,medium
Jamaica Plain,638224.0,2019,11,346,15,10,25,medium
Jamaica Plain,637722.0,2019,12,314,27,7,34,medium
Jamaica Plain,638011.0,2020,1,411,26,18,27,medium
Jamaica Plain,642430.0,2020,2,323,16,18,16,medium
Jamaica Plain,646041.0,2020,3,286,15,3,17,medium
Jamaica Plain,648132.0,2020,4,254,17,1,14,medium
Jamaica Plain,647627.0,2020,5,317,15,9,8,medium
Jamaica Plain,645529.0,2020,6,295,26,2,18,medium
Jamaica Plain,645048.0,2020,7,286,31,1,18,medium
Jamaica Plain,649038.0,2020,8,324,21,11,18,medium
Jamaica Plain,657209.0,2020,9,342,24,12,17,medium
Jamaica Plain,664724.0,2020,10,348,34,11,24,medium
Jamaica Plain,669161.0,2020,11,289,17,9,28,medium
Jamaica Plain,669889.0,2020,12,277,27,6,16,medium
Jamaica Plain,670612.0,2021,1,299,18,11,22,medium
Jamaica Plain,673344.0,2021,2,282,27,10,18,medium
Jamaica Plain,675231.0,2021,3,309,32,11,12,medium
Jamaica Plain,679404.0,2021,4,310,22,13,17,medium
Jamaica Plain,681976.0,2021,5,278,24,19,13,medium
Jamaica Plain,688951.0,2021,6,298,27,5,12,medium
Jamaica Plain,696478.0,2021,7,309,27,7,19,medium
Jamaica Plain,702365.0,2021,8,285,15,5,15,medium
Jamaica Plain,702700.0,2021,9,281,22,2,14,medium
Leather District,716258.0,2015,6,8,3,0,3,medium
Leather District,732805.0,2015,7,22,1,3,3,medium
Leather District,745021.0,2015,8,10,0,0,2,medium
Leather District,761481.0,2015,9,18,4,1,1,medium
Leather District,765135.0,2015,10,16,3,0,0,medium
Leather District,769192.0,2015,11,11,1,2,0,medium
Leather District,771652.0,2015,12,14,0,3,2,medium
Leather District,782475.0,2016,1,7,1,0,0,medium
Leather District,788970.0,2016,2,11,1,1,1,medium
Leather District,797611.0,2016,3,8,3,0,1,medium
Leather District,798114.0,2016,4,4,1,0,1,medium
Leather District,800593.0,2016,5,7,0,0,0,high
Leather District,802305.0,2016,6,15,2,0,2,high
Leather District,804551.0,2016,7,13,1,2,1,high
Leather District,807312.0,2016,8,14,0,3,2,high
Leather District,807426.0,2016,9,9,2,0,2,high
Leather District,808599.0,2016,10,18,1,1,1,high
Leather District,813401.0,2016,11,12,2,0,0,high
Leather District,817692.0,2016,12,11,1,0,1,high
Leather District,821983.0,2017,1,13,0,0,2,high
Leather District,825885.0,2017,2,10,0,0,1,high
Leather District,831224.0,2017,3,11,3,2,0,high
Leather District,838306.0,2017,4,9,0,0,3,high
Leather District,842837.0,2017,5,9,1,0,1,high
Leather District,848187.0,2017,6,12,0,4,1,high
Leather District,853024.0,2017,7,8,0,1,2,high
Leather District,861150.0,2017,8,8,1,0,0,high
Leather District,865387.0,2017,9,8,0,0,2,high
Leather District,869881.0,2017,10,13,2,0,2,high
Leather District,871431.0,2017,11,8,2,0,2,high
Leather District,873151.0,2017,12,5,2,0,0,high
Leather District,878158.0,2018,1,28,2,0,3,high
Leather District,884293.0,2018,2,6,2,0,0,high
Leather District,892807.0,2018,3,7,1,1,0,high
Leather District,891802.0,2018,4,13,2,0,3,high
Leather District,890250.0,2018,5,12,2,1,1,high
Leather District,887097.0,2018,6,11,2,0,1,high
Leather District,891543.0,2018,7,12,0,0,3,high
Leather District,896055.0,2018,8,15,2,0,1,high
Leather District,900652.0,2018,9,19,5,1,3,high
Leather District,901129.0,2018,10,14,2,0,1,high
Leather District,901956.0,2018,11,10,1,3,0,high
Leather District,899438.0,2018,12,6,2,0,1,high
Leather District,894672.0,2019,10,6,2,0,1,high
Leather District,892832.0,2019,11,6,1,0,1,high
Leather District,893128.0,2019,12,9,0,0,0,high
Leather District,892228.0,2020,1,8,1,0,1,high
Leather District,895693.0,2020,2,7,0,1,2,high
Leather District,896730.0,2020,3,2,0,0,0,high
Leather District,898144.0,2020,4,3,0,1,0,high
Leather District,894912.0,2020,5,2,0,0,0,high
Leather District,888900.0,2020,6,4,1,0,0,high
Leather District,884504.0,2020,7,2,0,0,0,high
Leather District,884171.0,2020,8,1,0,0,0,high
Leather District,892821.0,2020,9,7,0,0,1,high
Leather District,900823.0,2020,10,9,1,0,1,high
Leather District,907372.0,2020,11,7,2,1,0,high
Leather District,907461.0,2020,12,7,1,0,0,high
Leather District,906003.0,2021,1,2,0,0,0,high
Leather District,907512.0,2021,2,3,0,0,0,high
Leather District,905377.0,2021,3,6,3,0,0,high
Leather District,909025.0,2021,4,11,2,0,2,high
Leather District,907731.0,2021,5,9,0,0,0,high
Leather District,911545.0,2021,6,7,1,0,0,high
Leather District,903147.0,2021,7,9,2,1,0,high
Leather District,893454.0,2021,8,6,1,0,1,high
Leather District,882568.0,2021,9,2,0,0,0,high
Longwood,495000.0,2015,6,28,6,0,6,low
Longwood,502411.0,2015,7,47,8,0,6,medium
Longwood,507462.0,2015,8,30,3,0,5,medium
Longwood,513908.0,2015,9,49,8,0,6,medium
Longwood,516510.0,2015,10,28,3,1,3,medium
Longwood,518833.0,2015,11,35,6,0,7,medium
Longwood,522207.0,2015,12,36,2,0,7,medium
Longwood,529177.0,2016,1,34,6,0,8,medium
Longwood,529390.0,2016,2,41,6,2,6,medium
Longwood,530890.0,2016,3,28,3,0,4,medium
Longwood,527704.0,2016,4,42,6,0,2,medium
Longwood,530504.0,2016,5,45,8,0,3,medium
Longwood,531364.0,2016,6,36,3,2,2,medium
Longwood,532090.0,2016,7,20,5,0,5,medium
Longwood,533425.0,2016,8,34,4,0,5,medium
Longwood,535270.0,2016,9,32,3,0,6,medium
Longwood,540373.0,2016,10,32,8,1,1,medium
Longwood,548573.0,2016,11,28,8,1,1,medium
Longwood,554751.0,2016,12,37,6,0,11,medium
Longwood,558508.0,2017,1,36,5,0,2,medium
Longwood,561716.0,2017,2,35,4,0,6,medium
Longwood,566979.0,2017,3,38,5,0,5,medium
Longwood,575193.0,2017,4,45,7,0,5,medium
Longwood,582429.0,2017,5,54,8,2,1,medium
Longwood,589685.0,2017,6,41,10,1,1,medium
Longwood,595435.0,2017,7,48,7,0,3,medium
Longwood,599631.0,2017,8,33,3,1,3,medium
Longwood,600945.0,2017,9,34,2,1,9,medium
Longwood,602090.0,2017,10,35,5,0,2,medium
Longwood,602950.0,2017,11,35,8,0,5,medium
Longwood,604492.0,2017,12,42,4,0,6,medium
Longwood,606639.0,2018,1,30,3,0,6,medium
Longwood,610558.0,2018,2,34,7,0,3,medium
Longwood,616596.0,2018,3,27,2,0,1,medium
Longwood,620649.0,2018,4,36,4,1,6,medium
Longwood,624492.0,2018,5,31,6,0,3,medium
Longwood,627023.0,2018,6,36,2,0,4,medium
Longwood,630708.0,2018,7,25,4,0,2,medium
Longwood,632113.0,2018,8,36,3,1,0,medium
Longwood,631937.0,2018,9,40,7,0,3,medium
Longwood,632229.0,2018,10,35,2,0,1,medium
Longwood,634349.0,2018,11,31,3,0,2,medium
Longwood,636900.0,2018,12,34,5,0,3,medium
Longwood,645926.0,2019,9,1,0,0,0,medium
Longwood,643307.0,2019,10,18,1,1,0,medium
Longwood,637251.0,2019,11,17,2,0,3,medium
Longwood,634930.0,2019,12,16,2,0,2,medium
Longwood,634610.0,2020,1,18,2,0,1,medium
Longwood,638697.0,2020,2,24,2,1,0,medium
Longwood,639831.0,2020,3,20,1,0,0,medium
Longwood,638379.0,2020,4,11,1,0,1,medium
Longwood,634986.0,2020,5,12,1,0,2,medium
Longwood,634118.0,2020,6,7,1,0,1,medium
Longwood,634505.0,2020,7,13,1,0,2,medium
Longwood,637575.0,2020,8,12,1,0,0,medium
Longwood,643142.0,2020,9,15,1,0,1,medium
Longwood,650276.0,2020,10,23,1,0,2,medium
Longwood,655202.0,2020,11,14,4,0,0,medium
Longwood,656915.0,2020,12,14,0,0,1,medium
Longwood,656447.0,2021,1,16,3,0,1,medium
Longwood,658750.0,2021,2,9,1,0,0,medium
Longwood,658849.0,2021,3,15,1,0,1,medium
Longwood,661842.0,2021,4,19,2,0,3,medium
Longwood,661933.0,2021,5,13,0,0,0,medium
Longwood,664454.0,2021,6,10,1,0,1,medium
Longwood,664248.0,2021,7,24,2,0,2,medium
Longwood,662681.0,2021,8,13,0,0,0,medium
Longwood,658890.0,2021,9,22,2,0,0,medium
Mattapan,316178.0,2015,6,174,36,5,6
Mattapan,322056.0,2015,7,334,63,7,14,low
Mattapan,325907.0,2015,8,315,46,3,32,low
Mattapan,328525.0,2015,9,322,51,8,30,low
Mattapan,330193.0,2015,10,307,43,11,19,low
Mattapan,331587.0,2015,11,297,61,11,23,low
Mattapan,335060.0,2015,12,317,57,5,23,low
Mattapan,341816.0,2016,1,303,50,3,13,low
Mattapan,347294.0,2016,2,277,41,6,17,low
Mattapan,352004.0,2016,3,318,49,6,10,low
Mattapan,355030.0,2016,4,289,61,8,8,low
Mattapan,357622.0,2016,5,380,70,9,13,low
Mattapan,359342.0,2016,6,386,65,14,17,low
Mattapan,359261.0,2016,7,341,52,8,12,low
Mattapan,360899.0,2016,8,411,63,9,20,low
Mattapan,362040.0,2016,9,376,69,9,16,low
Mattapan,363243.0,2016,10,314,51,6,12,low
Mattapan,365383.0,2016,11,340,62,6,14,low
Mattapan,365301.0,2016,12,345,60,6,13,low
Mattapan,367398.0,2017,1,374,41,7,15,low
Mattapan,369927.0,2017,2,313,48,5,4,low
Mattapan,375354.0,2017,3,377,57,12,14,low
Mattapan,381387.0,2017,4,344,53,7,6,low
Mattapan,386472.0,2017,5,345,73,1,10,low
Mattapan,392293.0,2017,6,351,51,10,7,low
Mattapan,395288.0,2017,7,363,66,4,13,low
Mattapan,399021.0,2017,8,438,75,11,17,low
Mattapan,402513.0,2017,9,355,65,10,12,low
Mattapan,407023.0,2017,10,394,67,5,18,low
Mattapan,412290.0,2017,11,368,55,9,12,low
Mattapan,415725.0,2017,12,315,48,6,8,low
Mattapan,420220.0,2018,1,361,52,6,12,low
Mattapan,423678.0,2018,2,303,51,5,7,low
Mattapan,430066.0,2018,3,337,51,5,14,low
Mattapan,433004.0,2018,4,314,50,7,7,low
Mattapan,435511.0,2018,5,387,67,9,9,low
Mattapan,434378.0,2018,6,402,73,18,13,low
Mattapan,436252.0,2018,7,414,73,5,13,low
Mattapan,438566.0,2018,8,410,75,7,10,low
Mattapan,441234.0,2018,9,343,58,2,11,low
Mattapan,440856.0,2018,10,382,67,13,23,low
Mattapan,441296.0,2018,11,360,40,15,24,low
Mattapan,443447.0,2018,12,344,47,6,15,low
Mattapan,442598.0,2019,9,16,0,1,2,low
Mattapan,445624.0,2019,10,227,19,1,16,low
Mattapan,447965.0,2019,11,217,19,6,13,low
Mattapan,450094.0,2019,12,221,14,4,12,low
Mattapan,454099.0,2020,1,211,16,6,15,low
Mattapan,461468.0,2020,2,183,31,4,10,low
Mattapan,468411.0,2020,3,182,16,1,9,low
Mattapan,472495.0,2020,4,164,19,2,4,low
Mattapan,472794.0,2020,5,183,18,1,10,low
Mattapan,471001.0,2020,6,213,26,1,10,low
Mattapan,470441.0,2020,7,217,28,3,7,low
Mattapan,473232.0,2020,8,236,28,5,9,low
Mattapan,480144.0,2020,9,214,11,4,9,low
Mattapan,486304.0,2020,10,195,29,2,7,low
Mattapan,491305.0,2020,11,185,29,3,9,low
Mattapan,495003.0,2020,12,203,26,2,11,low
Mattapan,497926.0,2021,1,178,11,4,5,low
Mattapan,501156.0,2021,2,185,20,1,6,medium
Mattapan,500629.0,2021,3,195,17,0,11,medium
Mattapan,505145.0,2021,4,181,13,2,12,medium
Mattapan,511522.0,2021,5,224,24,3,5,medium
Mattapan,523266.0,2021,6,199,28,2,9,medium
Mattapan,532290.0,2021,7,260,23,5,12,medium
Mattapan,538022.0,2021,8,237,15,5,5,medium
Mattapan,537815.0,2021,9,213,23,2,12,medium
Mission Hill,456995.0,2015,6,76,11,1,4,low
Mission Hill,471530.0,2015,7,151,27,7,17,low
Mission Hill,484982.0,2015,8,159,22,2,17,low
Mission Hill,501279.0,2015,9,226,37,4,18,medium
Mission Hill,506189.0,2015,10,206,18,2,14,medium
Mission Hill,511262.0,2015,11,163,24,5,14,medium
Mission Hill,516787.0,2015,12,165,28,3,22,medium
Mission Hill,522656.0,2016,1,167,25,5,13,medium
Mission Hill,520036.0,2016,2,126,17,4,5,medium
Mission Hill,517505.0,2016,3,195,22,5,11,medium
Mission Hill,513163.0,2016,4,186,25,0,17,medium
Mission Hill,516632.0,2016,5,152,19,4,7,medium
Mission Hill,521937.0,2016,6,175,20,6,14,medium
Mission Hill,525912.0,2016,7,127,19,4,8,medium
Mission Hill,529176.0,2016,8,145,30,1,10,medium
Mission Hill,530232.0,2016,9,192,25,4,17,medium
Mission Hill,534147.0,2016,10,197,35,2,12,medium
Mission Hill,539543.0,2016,11,131,18,3,4,medium
Mission Hill,541495.0,2016,12,145,28,6,6,medium
Mission Hill,541274.0,2017,1,143,23,5,10,medium
Mission Hill,542198.0,2017,2,162,27,0,3,medium
Mission Hill,547668.0,2017,3,148,16,3,4,medium
Mission Hill,554346.0,2017,4,140,17,1,7,medium
Mission Hill,559925.0,2017,5,164,28,4,7,medium
Mission Hill,564900.0,2017,6,177,33,8,16,medium
Mission Hill,571710.0,2017,7,164,24,4,11,medium
Mission Hill,577903.0,2017,8,172,23,4,10,medium
Mission Hill,581708.0,2017,9,186,22,3,11,medium
Mission Hill,582043.0,2017,10,155,19,2,10,medium
Mission Hill,581743.0,2017,11,108,19,1,7,medium
Mission Hill,581154.0,2017,12,127,28,2,10,medium
Mission Hill,582872.0,2018,1,129,19,4,10,medium
Mission Hill,586919.0,2018,2,127,19,2,12,medium
Mission Hill,594861.0,2018,3,120,18,1,8,medium
Mission Hill,599605.0,2018,4,117,12,0,13,medium
Mission Hill,607865.0,2018,5,151,32,2,18,medium
Mission Hill,612131.0,2018,6,125,15,5,10,medium
Mission Hill,617887.0,2018,7,135,14,3,11,medium
Mission Hill,616233.0,2018,8,146,15,4,8,medium
Mission Hill,615438.0,2018,9,159,30,0,9,medium
Mission Hill,615078.0,2018,10,186,22,0,10,medium
Mission Hill,616682.0,2018,11,148,18,2,10,medium
Mission Hill,617771.0,2018,12,107,19,0,14,medium
Mission Hill,605829.0,2019,9,6,1,0,0,medium
Mission Hill,605730.0,2019,10,104,14,0,10,medium
Mission Hill,604041.0,2019,11,83,10,1,7,medium
Mission Hill,603453.0,2019,12,80,4,0,11,medium
Mission Hill,604604.0,2020,1,76,10,1,8,medium
Mission Hill,610263.0,2020,2,106,8,1,11,medium
Mission Hill,614039.0,2020,3,91,7,0,6,medium
Mission Hill,618411.0,2020,4,80,5,0,9,medium
Mission Hill,619742.0,2020,5,82,10,0,7,medium
Mission Hill,620443.0,2020,6,84,7,0,6,medium
Mission Hill,620217.0,2020,7,88,9,0,1,medium
Mission Hill,623317.0,2020,8,91,10,1,3,medium
Mission Hill,629106.0,2020,9,71,9,0,1,medium
Mission Hill,635351.0,2020,10,99,9,0,7,medium
Mission Hill,640039.0,2020,11,86,5,0,4,medium
Mission Hill,641706.0,2020,12,78,4,1,8,medium
Mission Hill,641579.0,2021,1,68,9,0,7,medium
Mission Hill,642195.0,2021,2,59,3,0,1,medium
Mission Hill,641425.0,2021,3,89,5,0,3,medium
Mission Hill,644568.0,2021,4,85,14,0,5,medium
Mission Hill,647502.0,2021,5,71,6,0,6,medium
Mission Hill,652821.0,2021,6,74,6,0,1,medium
Mission Hill,656439.0,2021,7,72,8,1,1,medium
Mission Hill,657522.0,2021,8,78,4,0,4,medium
Mission Hill,656853.0,2021,9,80,9,1,3,medium
North End,679392.0,2015,6,30,3,0,2,medium
North End,688191.0,2015,7,64,4,2,4,medium
North End,694206.0,2015,8,87,7,0,10,medium
North End,702195.0,2015,9,73,6,1,13,medium
North End,703473.0,2015,10,68,6,3,3,medium
North End,706812.0,2015,11,47,5,1,3,medium
North End,710990.0,2015,12,55,9,1,2,medium
North End,720414.0,2016,1,54,6,1,9,medium
North End,723227.0,2016,2,53,3,4,1,medium
North End,726406.0,2016,3,64,3,2,9,medium
North End,724330.0,2016,4,65,5,3,7,medium
North End,725784.0,2016,5,81,5,5,6,medium
North End,724456.0,2016,6,63,11,1,5,medium
North End,725199.0,2016,7,75,6,2,6,medium
North End,727730.0,2016,8,91,7,1,3,medium
North End,731478.0,2016,9,60,10,1,1,medium
North End,734376.0,2016,10,50,4,0,6,medium
North End,738816.0,2016,11,49,6,0,2,medium
North End,739558.0,2016,12,69,13,0,3,medium
North End,738644.0,2017,1,61,6,0,5,medium
North End,739894.0,2017,2,71,8,0,2,medium
North End,744673.0,2017,3,71,8,0,5,medium
North End,752909.0,2017,4,86,6,1,6,medium
North End,758916.0,2017,5,87,11,3,6,medium
North End,764534.0,2017,6,66,7,2,1,medium
North End,770537.0,2017,7,79,6,1,7,medium
North End,775935.0,2017,8,113,6,6,6,medium
North End,778770.0,2017,9,94,9,0,7,medium
North End,780410.0,2017,10,89,10,0,3,medium
North End,781301.0,2017,11,79,11,1,5,medium
North End,781885.0,2017,12,89,7,0,6,medium
North End,783907.0,2018,1,65,1,6,5,medium
North End,785838.0,2018,2,55,8,0,4,medium
North End,792254.0,2018,3,57,4,0,2,medium
North End,792688.0,2018,4,52,8,1,1,medium
North End,793637.0,2018,5,81,8,1,7,medium
North End,791483.0,2018,6,83,5,1,8,medium
North End,794071.0,2018,7,74,9,1,11,medium
North End,793550.0,2018,8,102,10,4,2,medium
North End,792651.0,2018,9,70,6,0,4,medium
North End,790793.0,2018,10,64,11,2,6,medium
North End,792700.0,2018,11,51,4,2,5,medium
North End,794582.0,2018,12,60,11,0,1,medium
North End,799007.0,2019,9,5,0,0,0,medium
North End,797938.0,2019,10,56,5,0,5,medium
North End,795213.0,2019,11,42,2,0,1,medium
North End,794246.0,2019,12,43,5,0,3,medium
North End,794218.0,2020,1,37,1,0,3,medium
North End,798318.0,2020,2,32,2,0,1,medium
North End,801870.0,2020,3,39,1,0,5,high
North End,803509.0,2020,4,24,1,0,2,high
North End,801663.0,2020,5,32,3,0,1,high
North End,797587.0,2020,6,32,2,0,0,medium
North End,795442.0,2020,7,53,3,0,2,medium
North End,797098.0,2020,8,71,6,1,4,medium
North End,803395.0,2020,9,72,6,0,2,high
North End,809958.0,2020,10,54,1,0,1,high
North End,813651.0,2020,11,45,5,0,2,high
North End,812939.0,2020,12,59,7,1,3,high
North End,809887.0,2021,1,83,5,0,7,high
North End,809958.0,2021,2,48,3,0,4,high
North End,807213.0,2021,3,40,3,0,1,high
North End,808933.0,2021,4,51,2,1,3,high
North End,807307.0,2021,5,54,7,1,3,high
North End,811838.0,2021,6,43,1,1,7,high
North End,814821.0,2021,7,57,5,0,3,high
North End,817543.0,2021,8,71,9,0,5,high
North End,814521.0,2021,9,63,2,2,1,high
Roslindale,412276.0,2015,6,126,13,2,10,low
Roslindale,416528.0,2015,7,238,31,12,15,low
Roslindale,418637.0,2015,8,230,34,10,14,low
Roslindale,422802.0,2015,9,202,23,12,9,low
Roslindale,424760.0,2015,10,228,20,18,13,low
Roslindale,427513.0,2015,11,203,27,7,11,low
Roslindale,430835.0,2015,12,204,28,5,8,low
Roslindale,437606.0,2016,1,230,25,18,9,low
Roslindale,440953.0,2016,2,204,23,9,8,low
Roslindale,446720.0,2016,3,220,27,13,11,low
Roslindale,448868.0,2016,4,219,38,15,12,low
Roslindale,452352.0,2016,5,244,38,14,12,low
Roslindale,454174.0,2016,6,253,47,13,8,low
Roslindale,455775.0,2016,7,264,47,6,8,low
Roslindale,458358.0,2016,8,267,36,25,6,low
Roslindale,460299.0,2016,9,223,29,14,8,low
Roslindale,462918.0,2016,10,213,30,6,6,low
Roslindale,466632.0,2016,11,211,26,4,13,low
Roslindale,468085.0,2016,12,200,26,3,7,low
Roslindale,469342.0,2017,1,215,26,5,5,low
Roslindale,472035.0,2017,2,193,13,3,7,low
Roslindale,477154.0,2017,3,236,28,16,7,low
Roslindale,483308.0,2017,4,254,41,10,16,low
Roslindale,487683.0,2017,5,240,28,17,9,low
Roslindale,493120.0,2017,6,275,38,11,17,low
Roslindale,499044.0,2017,7,269,38,7,16,low
Roslindale,504177.0,2017,8,226,39,5,7,medium
Roslindale,506427.0,2017,9,237,38,0,17,medium
Roslindale,506945.0,2017,10,270,37,6,14,medium
Roslindale,508819.0,2017,11,230,30,4,4,medium
Roslindale,511152.0,2017,12,199,30,2,7,medium
Roslindale,515105.0,2018,1,230,29,15,12,medium
Roslindale,518641.0,2018,2,226,39,8,10,medium
Roslindale,522075.0,2018,3,214,34,3,6,medium
Roslindale,525731.0,2018,4,213,37,5,15,medium
Roslindale,530657.0,2018,5,239,34,3,6,medium
Roslindale,535771.0,2018,6,230,36,8,8,medium
Roslindale,539504.0,2018,7,237,35,12,7,medium
Roslindale,541806.0,2018,8,255,23,6,9,medium
Roslindale,544273.0,2018,9,239,25,6,9,medium
Roslindale,547045.0,2018,10,225,37,3,10,medium
Roslindale,549880.0,2018,11,183,19,3,6,medium
Roslindale,552396.0,2018,12,214,30,9,4,medium
Roslindale,560815.0,2019,9,3,0,0,0,medium
Roslindale,561846.0,2019,10,171,15,3,7,medium
Roslindale,559897.0,2019,11,158,11,5,12,medium
Roslindale,558855.0,2019,12,146,15,2,6,medium
Roslindale,558965.0,2020,1,166,9,3,9,medium
Roslindale,562013.0,2020,2,142,10,0,5,medium
Roslindale,565272.0,2020,3,134,13,0,6,medium
Roslindale,567060.0,2020,4,118,6,0,8,medium
Roslindale,567851.0,2020,5,143,9,3,3,medium
Roslindale,567548.0,2020,6,168,25,0,9,medium
Roslindale,569841.0,2020,7,115,13,1,3,medium
Roslindale,575848.0,2020,8,152,20,0,3,medium
Roslindale,586309.0,2020,9,147,7,0,9,medium
Roslindale,594814.0,2020,10,135,17,3,1,medium
Roslindale,600242.0,2020,11,139,5,2,8,medium
Roslindale,600603.0,2020,12,149,7,1,11,medium
Roslindale,601448.0,2021,1,148,11,2,7,medium
Roslindale,604102.0,2021,2,104,5,2,3,medium
Roslindale,606060.0,2021,3,132,9,5,9,medium
Roslindale,611459.0,2021,4,133,7,2,4,medium
Roslindale,616989.0,2021,5,156,14,4,6,medium
Roslindale,625499.0,2021,6,136,11,2,2,medium
Roslindale,631653.0,2021,7,137,4,2,2,medium
Roslindale,635676.0,2021,8,135,8,2,5,medium
Roslindale,636664.0,2021,9,150,14,1,5,medium
Roxbury,363875.0,2015,6,548,86,27,33,low
Roxbury,369939.0,2015,7,1084,177,87,55,low
Roxbury,374039.0,2015,8,1028,153,86,70,low
Roxbury,378090.0,2015,9,1014,171,79,54,low
Roxbury,383355.0,2015,10,1067,172,91,59,low
Roxbury,389972.0,2015,11,977,170,55,71,low
Roxbury,398436.0,2015,12,1007,178,61,61,low
Roxbury,402617.0,2016,1,957,137,54,37,low
Roxbury,402872.0,2016,2,880,142,61,50,low
Roxbury,402165.0,2016,3,966,159,74,41,low
Roxbury,399423.0,2016,4,945,164,59,45,low
Roxbury,398813.0,2016,5,1073,189,70,44,low
Roxbury,402738.0,2016,6,1037,162,51,41,low
Roxbury,408146.0,2016,7,1020,158,46,52,low
Roxbury,415596.0,2016,8,1075,176,57,55,low
Roxbury,417588.0,2016,9,1007,156,55,47,low
Roxbury,422058.0,2016,10,1018,176,70,36,low
Roxbury,424028.0,2016,11,950,156,61,52,low
Roxbury,424615.0,2016,12,995,139,48,56,low
Roxbury,424600.0,2017,1,974,145,64,33,low
Roxbury,427399.0,2017,2,878,117,46,47,low
Roxbury,432025.0,2017,3,1055,141,71,47,low
Roxbury,437399.0,2017,4,973,135,37,40,low
Roxbury,439166.0,2017,5,1075,171,57,30,low
Roxbury,439764.0,2017,6,1135,186,42,42,low
Roxbury,440818.0,2017,7,1093,154,60,51,low
Roxbury,444729.0,2017,8,1097,165,70,48,low
Roxbury,448975.0,2017,9,1085,188,65,39,low
Roxbury,450747.0,2017,10,1079,177,79,52,low
Roxbury,453264.0,2017,11,972,154,62,38,low
Roxbury,454563.0,2017,12,919,154,32,27,low
Roxbury,458263.0,2018,1,937,147,59,44,low
Roxbury,461277.0,2018,2,827,116,73,26,low
Roxbury,466592.0,2018,3,984,164,50,38,low
Roxbury,469946.0,2018,4,1033,183,69,32,low
Roxbury,472152.0,2018,5,1065,215,58,46,low
Roxbury,471678.0,2018,6,1096,182,59,61,low
Roxbury,473987.0,2018,7,1096,183,82,41,low
Roxbury,476300.0,2018,8,1086,158,52,42,low
Roxbury,480530.0,2018,9,1111,171,82,35,low
Roxbury,481473.0,2018,10,1014,173,69,41,low
Roxbury,482724.0,2018,11,915,125,42,33,low
Roxbury,483764.0,2018,12,972,162,44,46,low
Roxbury,486038.0,2019,9,65,10,2,9,low
Roxbury,486404.0,2019,10,909,98,61,66,low
Roxbury,486143.0,2019,11,912,90,47,71,low
Roxbury,485510.0,2019,12,741,65,19,76,low
Roxbury,488222.0,2020,1,891,81,35,72,low
Roxbury,493056.0,2020,2,827,67,48,74,low
Roxbury,499188.0,2020,3,749,65,44,44,low
Roxbury,504036.0,2020,4,569,54,13,38,medium
Roxbury,507869.0,2020,5,708,71,27,34,medium
Roxbury,508883.0,2020,6,795,82,10,43,medium
Roxbury,510492.0,2020,7,830,97,20,49,medium
Roxbury,514126.0,2020,8,839,76,27,57,medium
Roxbury,520060.0,2020,9,850,85,26,61,medium
Roxbury,525027.0,2020,10,797,77,26,50,medium
Roxbury,528267.0,2020,11,653,61,25,38,medium
Roxbury,530726.0,2020,12,708,68,19,39,medium
Roxbury,533879.0,2021,1,624,54,20,34,medium
Roxbury,539278.0,2021,2,588,46,9,51,medium
Roxbury,540761.0,2021,3,696,60,23,37,medium
Roxbury,545390.0,2021,4,680,45,15,31,medium
Roxbury,549427.0,2021,5,748,77,11,40,medium
Roxbury,556752.0,2021,6,775,71,19,52,medium
Roxbury,561422.0,2021,7,773,82,15,40,medium
Roxbury,562055.0,2021,8,800,59,22,38,medium
Roxbury,559286.0,2021,9,750,67,7,38,medium
South Boston,563597.0,2015,6,226,31,1,22,medium
South Boston,575012.0,2015,7,476,65,19,27,medium
South Boston,585242.0,2015,8,481,62,39,31,medium
South Boston,597901.0,2015,9,452,54,23,18,medium
South Boston,603391.0,2015,10,436,49,21,27,medium
South Boston,608284.0,2015,11,395,44,29,25,medium
South Boston,614152.0,2015,12,432,43,38,16,medium
South Boston,624591.0,2016,1,402,56,12,16,medium
South Boston,628743.0,2016,2,415,46,42,18,medium
South Boston,634006.0,2016,3,531,78,34,15,medium
South Boston,634449.0,2016,4,381,50,22,16,medium
South Boston,640399.0,2016,5,400,50,20,14,medium
South Boston,645682.0,2016,6,420,60,14,18,medium
South Boston,649397.0,2016,7,433,51,19,15,medium
South Boston,653194.0,2016,8,371,46,18,18,medium
South Boston,655749.0,2016,9,398,41,16,11,medium
South Boston,661201.0,2016,10,440,57,18,16,medium
South Boston,668676.0,2016,11,380,42,11,23,medium
South Boston,671811.0,2016,12,395,55,15,29,medium
South Boston,672589.0,2017,1,399,50,34,20,medium
South Boston,675028.0,2017,2,316,46,11,21,medium
South Boston,681196.0,2017,3,408,46,19,23,medium
South Boston,691144.0,2017,4,450,68,16,27,medium
South Boston,697342.0,2017,5,414,55,16,21,medium
South Boston,703608.0,2017,6,491,64,16,31,medium
South Boston,708140.0,2017,7,426,52,27,21,medium
South Boston,712897.0,2017,8,449,58,22,28,medium
South Boston,714659.0,2017,9,490,60,14,36,medium
South Boston,715191.0,2017,10,475,67,27,22,medium
South Boston,716136.0,2017,11,359,42,14,24,medium
South Boston,717811.0,2017,12,395,43,28,28,medium
South Boston,721220.0,2018,1,450,51,27,22,medium
South Boston,726494.0,2018,2,387,49,18,24,medium
South Boston,733359.0,2018,3,406,58,17,10,medium
South Boston,739027.0,2018,4,487,71,36,18,medium
South Boston,743342.0,2018,5,443,67,24,19,medium
South Boston,747910.0,2018,6,500,59,32,31,medium
South Boston,752822.0,2018,7,463,65,37,29,medium
South Boston,755401.0,2018,8,599,57,36,21,medium
South Boston,756985.0,2018,9,439,45,29,20,medium
South Boston,757510.0,2018,10,470,58,34,32,medium
South Boston,759651.0,2018,11,470,70,39,26,medium
South Boston,761329.0,2018,12,419,62,23,27,medium
South Boston,762781.0,2019,9,23,0,0,2,medium
South Boston,763786.0,2019,10,386,42,25,34,medium
South Boston,762548.0,2019,11,358,30,13,33,medium
South Boston,762285.0,2019,12,305,17,9,30,medium
South Boston,762859.0,2020,1,329,29,18,30,medium
South Boston,768057.0,2020,2,367,44,15,36,medium
South Boston,773423.0,2020,3,302,26,6,25,medium
South Boston,776202.0,2020,4,229,13,0,29,medium
South Boston,775772.0,2020,5,294,25,3,26,medium
South Boston,772194.0,2020,6,327,25,5,20,medium
South Boston,770640.0,2020,7,330,26,1,23,medium
South Boston,772254.0,2020,8,367,33,4,27,medium
South Boston,778294.0,2020,9,341,23,8,27,medium
South Boston,783602.0,2020,10,439,22,5,45,medium
South Boston,787638.0,2020,11,403,31,6,22,medium
South Boston,789199.0,2020,12,353,23,2,41,medium
South Boston,790326.0,2021,1,314,22,11,23,medium
South Boston,793528.0,2021,2,293,22,8,12,medium
South Boston,793565.0,2021,3,340,24,38,14,medium
South Boston,797009.0,2021,4,373,38,35,20,medium
South Boston,797020.0,2021,5,352,31,30,17,medium
South Boston,803440.0,2021,6,395,34,31,19,high
South Boston,808097.0,2021,7,452,52,20,21,high
South Boston,812233.0,2021,8,424,34,17,31,high
South Boston,810757.0,2021,9,389,24,8,17,high
South End,794833.0,2015,6,192,22,7,18,medium
South End,808243.0,2015,7,371,53,28,31,high
South End,820783.0,2015,8,341,48,22,31,high
South End,835476.0,2015,9,331,39,29,19,high
South End,838442.0,2015,10,336,46,26,34,high
South End,840794.0,2015,11,359,51,27,35,high
South End,848265.0,2015,12,344,47,24,33,high
South End,859958.0,2016,1,289,40,25,15,high
South End,863944.0,2016,2,304,52,29,23,high
South End,867616.0,2016,3,341,57,17,26,high
South End,866553.0,2016,4,272,38,21,23,high
South End,871910.0,2016,5,298,35,18,22,high
South End,874489.0,2016,6,343,50,34,17,high
South End,877276.0,2016,7,288,58,10,25,high
South End,879211.0,2016,8,298,30,12,29,high
South End,880686.0,2016,9,298,40,12,19,high
South End,885327.0,2016,10,339,43,16,27,high
South End,893440.0,2016,11,376,45,12,26,high
South End,897708.0,2016,12,301,38,9,23,high
South End,899113.0,2017,1,348,55,20,28,high
South End,902541.0,2017,2,354,57,12,33,high
South End,911576.0,2017,3,341,41,18,28,high
South End,923781.0,2017,4,288,41,16,19,high
South End,930884.0,2017,5,365,43,35,32,high
South End,937001.0,2017,6,394,42,42,25,high
South End,942438.0,2017,7,391,31,49,26,high
South End,949842.0,2017,8,374,58,34,28,high
South End,952695.0,2017,9,382,63,28,23,high
South End,954928.0,2017,10,361,50,29,18,high
South End,956696.0,2017,11,320,39,21,25,high
South End,960243.0,2017,12,317,74,16,24,high
South End,963485.0,2018,1,340,62,31,21,high
South End,967693.0,2018,2,270,42,18,14,high
South End,974448.0,2018,3,308,54,20,23,high
South End,978979.0,2018,4,320,57,9,23,high
South End,982468.0,2018,5,367,60,22,25,high
South End,984369.0,2018,6,346,44,12,30,high
South End,988318.0,2018,7,334,45,23,25,high
South End,989806.0,2018,8,343,40,16,32,high
South End,989531.0,2018,9,361,54,24,26,high
South End,989493.0,2018,10,334,53,9,35,high
South End,991256.0,2018,11,255,33,13,33,high
South End,992829.0,2018,12,319,58,19,34,high
South End,991531.0,2019,9,30,4,0,8,high
South End,992804.0,2019,10,390,35,12,59,high
South End,991230.0,2019,11,325,31,11,53,high
South End,993034.0,2019,12,338,45,7,64,high
South End,993864.0,2020,1,417,42,17,73,high
South End,1001106.0,2020,2,392,52,11,59,high
South End,1007384.0,2020,3,357,21,6,62,high
South End,1011234.0,2020,4,337,33,2,43,high
South End,1010980.0,2020,5,404,36,3,57,high
South End,1005679.0,2020,6,435,27,4,87,high
South End,1001186.0,2020,7,379,33,3,31,high
South End,999738.0,2020,8,405,41,9,45,high
South End,1003721.0,2020,9,464,36,27,52,high
South End,1009550.0,2020,10,440,29,19,47,high
South End,1013032.0,2020,11,351,32,3,38,high
South End,1013907.0,2020,12,282,14,5,30,high
South End,1013602.0,2021,1,236,21,3,22,high
South End,1016844.0,2021,2,226,19,2,21,high
South End,1015510.0,2021,3,293,23,2,37,high
South End,1018581.0,2021,4,277,26,5,36,high
South End,1018166.0,2021,5,307,33,3,39,high
South End,1025212.0,2021,6,368,29,2,35,high
South End,1028709.0,2021,7,364,30,3,35,high
South End,1031576.0,2021,8,333,20,2,33,high
South End,1027697.0,2021,9,323,31,3,35,high
West End,527699.0,2015,6,59,9,7,3,medium
West End,530300.0,2015,7,83,17,4,8,medium
West End,532215.0,2015,8,71,13,4,5,medium
West End,535152.0,2015,9,96,14,2,9,medium
West End,535125.0,2015,10,86,12,4,5,medium
West End,536065.0,2015,11,71,12,1,6,medium
West End,538586.0,2015,12,90,17,0,10,medium
West End,547659.0,2016,1,98,14,3,11,medium
West End,552819.0,2016,2,72,9,2,4,medium
West End,557460.0,2016,3,110,13,4,9,medium
West End,555768.0,2016,4,76,12,1,4,medium
West End,556735.0,2016,5,88,12,6,6,medium
West End,554654.0,2016,6,88,11,3,6,medium
West End,552592.0,2016,7,75,11,0,6,medium
West End,553855.0,2016,8,82,13,1,3,medium
West End,558454.0,2016,9,69,11,2,8,medium
West End,563730.0,2016,10,80,19,0,4,medium
West End,566941.0,2016,11,82,15,3,3,medium
West End,568609.0,2016,12,89,14,0,6,medium
West End,569024.0,2017,1,98,17,0,6,medium
West End,572050.0,2017,2,87,15,2,3,medium
West End,575000.0,2017,3,91,17,0,2,medium
West End,581313.0,2017,4,95,14,0,4,medium
West End,582948.0,2017,5,75,15,1,3,medium
West End,586104.0,2017,6,61,9,1,2,medium
West End,588177.0,2017,7,98,17,0,4,medium
West End,590421.0,2017,8,89,16,0,3,medium
West End,587739.0,2017,9,95,18,0,12,medium
West End,582913.0,2017,10,108,16,2,2,medium
West End,578656.0,2017,11,115,23,4,8,medium
West End,577130.0,2017,12,105,21,0,3,medium
West End,577222.0,2018,1,133,27,2,9,medium
West End,577995.0,2018,2,84,13,0,2,medium
West End,582626.0,2018,3,87,13,1,7,medium
West End,586430.0,2018,4,120,16,0,3,medium
West End,588455.0,2018,5,104,21,1,4,medium
West End,586658.0,2018,6,80,3,3,3,medium
West End,586960.0,2018,7,86,16,0,10,medium
West End,588238.0,2018,8,85,15,1,5,medium
West End,587977.0,2018,9,96,15,0,2,medium
West End,585918.0,2018,10,101,25,0,6,medium
West End,584819.0,2018,11,99,19,7,6,medium
West End,584966.0,2018,12,75,7,0,2,medium
West End,574215.0,2019,9,6,1,0,1,medium
West End,573189.0,2019,10,99,12,0,4,medium
West End,571575.0,2019,11,95,17,0,7,medium
West End,570028.0,2019,12,82,10,1,6,medium
West End,569917.0,2020,1,77,21,0,5,medium
West End,573128.0,2020,2,77,18,2,4,medium
West End,576533.0,2020,3,54,8,0,2,medium
West End,577216.0,2020,4,30,2,0,1,medium
West End,576713.0,2020,5,46,9,1,0,medium
West End,573662.0,2020,6,45,4,2,5,medium
West End,574081.0,2020,7,54,11,1,2,medium
West End,576730.0,2020,8,69,14,1,5,medium
West End,583507.0,2020,9,63,4,1,2,medium
West End,589827.0,2020,10,53,8,0,1,medium
West End,592919.0,2020,11,44,1,1,1,medium
West End,592935.0,2020,12,57,9,0,2,medium
West End,590361.0,2021,1,59,4,0,2,medium
West End,589567.0,2021,2,54,6,0,4,medium
West End,588387.0,2021,3,73,7,5,2,medium
West End,589430.0,2021,4,93,9,4,3,medium
West End,588808.0,2021,5,93,18,2,2,medium
West End,589647.0,2021,6,60,5,2,4,medium
West End,590252.0,2021,7,72,7,3,2,medium
West End,590236.0,2021,8,88,15,0,4,medium
West End,587207.0,2021,9,78,11,1,1,medium
West Roxbury,473316.0,2015,6,81,9,4,6,low
West Roxbury,478602.0,2015,7,133,7,3,10,low
West Roxbury,482729.0,2015,8,176,27,1,16,low
West Roxbury,487151.0,2015,9,186,17,14,10,low
West Roxbury,488480.0,2015,10,153,13,12,13,low
West Roxbury,489552.0,2015,11,183,15,9,9,low
West Roxbury,492657.0,2015,12,175,21,6,5,low
West Roxbury,500073.0,2016,1,162,13,11,3,medium
West Roxbury,505576.0,2016,2,136,14,15,6,medium
West Roxbury,512222.0,2016,3,170,10,23,4,medium
West Roxbury,516436.0,2016,4,187,27,6,5,medium
West Roxbury,521331.0,2016,5,168,13,15,2,medium
West Roxbury,523748.0,2016,6,187,26,17,11,medium
West Roxbury,524046.0,2016,7,172,12,9,6,medium
West Roxbury,524501.0,2016,8,155,27,11,5,medium
West Roxbury,525372.0,2016,9,177,20,16,10,medium
West Roxbury,527430.0,2016,10,156,21,4,7,medium
West Roxbury,531689.0,2016,11,144,18,11,5,medium
West Roxbury,533876.0,2016,12,210,18,10,11,medium
West Roxbury,534945.0,2017,1,172,21,14,15,medium
West Roxbury,537970.0,2017,2,159,19,18,7,medium
West Roxbury,543480.0,2017,3,154,16,8,9,medium
West Roxbury,550786.0,2017,4,140,13,12,7,medium
West Roxbury,554884.0,2017,5,155,19,7,10,medium
West Roxbury,559775.0,2017,6,162,12,4,12,medium
West Roxbury,563820.0,2017,7,178,28,6,13,medium
West Roxbury,568787.0,2017,8,170,14,4,12,medium
West Roxbury,570843.0,2017,9,194,21,7,2,medium
West Roxbury,572022.0,2017,10,155,22,2,6,medium
West Roxbury,572363.0,2017,11,206,21,8,6,medium
West Roxbury,572792.0,2017,12,134,18,7,4,medium
West Roxbury,575215.0,2018,1,147,19,9,5,medium
West Roxbury,578105.0,2018,2,135,17,5,2,medium
West Roxbury,582578.0,2018,3,167,12,9,8,medium
West Roxbury,584922.0,2018,4,158,26,7,6,medium
West Roxbury,587447.0,2018,5,151,24,13,6,medium
West Roxbury,589090.0,2018,6,168,30,1,7,medium
West Roxbury,591944.0,2018,7,158,19,0,8,medium
West Roxbury,594148.0,2018,8,199,18,15,2,medium
West Roxbury,596202.0,2018,9,149,24,19,2,medium
West Roxbury,598200.0,2018,10,149,22,11,13,medium
West Roxbury,600801.0,2018,11,179,29,15,7,medium
West Roxbury,603446.0,2018,12,158,19,6,9,medium
West Roxbury,611839.0,2019,9,16,0,0,3,medium
West Roxbury,613045.0,2019,10,221,15,4,13,medium
West Roxbury,611935.0,2019,11,202,21,1,20,medium
West Roxbury,611171.0,2019,12,199,14,9,20,medium
West Roxbury,610818.0,2020,1,225,11,6,22,medium
West Roxbury,613904.0,2020,2,183,17,2,9,medium
West Roxbury,617509.0,2020,3,177,16,6,11,medium
West Roxbury,620230.0,2020,4,148,9,1,11,medium
West Roxbury,620429.0,2020,5,222,6,4,9,medium
West Roxbury,619559.0,2020,6,171,10,0,17,medium
West Roxbury,622196.0,2020,7,163,14,1,8,medium
West Roxbury,630036.0,2020,8,239,15,3,11,medium
West Roxbury,642288.0,2020,9,229,10,3,10,medium
West Roxbury,652159.0,2020,10,287,16,4,11,medium
West Roxbury,660179.0,2020,11,265,11,0,7,medium
West Roxbury,663226.0,2020,12,176,9,2,11,medium
West Roxbury,665757.0,2021,1,197,8,2,10,medium
West Roxbury,667762.0,2021,2,136,8,3,9,medium
West Roxbury,668334.0,2021,3,158,17,8,9,medium
West Roxbury,673443.0,2021,4,162,10,2,1,medium
West Roxbury,678333.0,2021,5,194,13,1,11,medium
West Roxbury,687816.0,2021,6,159,9,2,9,medium
West Roxbury,694576.0,2021,7,190,11,1,5,medium
West Roxbury,700022.0,2021,8,209,9,2,15,medium
West Roxbury,702038.0,2021,9,208,9,1,16,medium
